DELETE FROM project;
DELETE FROM researcher;
DELETE FROM organisation;
DELETE FROM deliverable;
DELETE FROM phone;
DELETE FROM research_centre;
DELETE FROM university;
DELETE FROM company;
DELETE FROM researcher_in_project;
DELETE FROM scientific_field;
DELETE FROM supervisor;
DELETE FROM evaluator;
DELETE FROM executive;
DELETE FROM programm;
DELETE FROM project_scientific_field;
ALTER TABLE project AUTO_INCREMENT = 1;
ALTER TABLE researcher AUTO_INCREMENT = 1;
 
insert into organisation (organisation_id, org_name, abbreviation, org_type, city, postal_code, street, street_number) values ('206946265', 'Hermiston, Hansen and Kuphal', 'H.H.K.', 'Company', 'Monastir', null, 'Bowman', '76496');
insert into organisation (organisation_id, org_name, abbreviation, org_type, city, postal_code, street, street_number) values ('653722558', 'Block and Sons', 'B.S.', 'Company', 'Leer', null, 'Bartelt', '5555');
insert into organisation (organisation_id, org_name, abbreviation, org_type, city, postal_code, street, street_number) values ('161360423', 'Ruecker, Wuckert and Bins', 'R.W.B', 'Company', 'Shijing', null, 'Del Mar', '66');
insert into organisation (organisation_id, org_name, abbreviation, org_type, city, postal_code, street, street_number) values ('189236839', 'Dietrich, Rodriguez and Nader', 'D.R.N', 'Company', 'Daxing', null, 'Rusk', '898');
insert into organisation (organisation_id, org_name, abbreviation, org_type, city, postal_code, street, street_number) values ('759377176', 'Nienow, Bahringer and Swaniawski', 'N.B.S.', 'Company', 'Riit', null, 'Hanover', '5618');
insert into organisation (organisation_id, org_name, abbreviation, org_type, city, postal_code, street, street_number) values ('895526088', 'Feest-Cummerata', 'F.C.', 'Company', 'Imielin', '41-407', 'Forest Run', '9');
insert into organisation (organisation_id, org_name, abbreviation, org_type, city, postal_code, street, street_number) values ('762771886', 'Leannon-Adams', 'L.A.', 'Company', 'Lota', null, 'Superior', '69');
insert into organisation (organisation_id, org_name, abbreviation, org_type, city, postal_code, street, street_number) values ('238401321', 'Oberbrunner, Gerhold and Cormier', 'O.G.C.', 'Company', 'Xushangqiao', null, 'Hoffman', '7');
insert into organisation (organisation_id, org_name, abbreviation, org_type, city, postal_code, street, street_number) values ('912943580', 'Bogisich Inc', 'B.INC', 'Company', 'Angered', '424 55', 'Toban', '448');
insert into organisation (organisation_id, org_name, abbreviation, org_type, city, postal_code, street, street_number) values ('221389040', 'Konopelski Group', 'K.G.', 'Company', 'Vodyane', null, 'Bayside', '97351');
insert into organisation (organisation_id, org_name, abbreviation, org_type, city, postal_code, street, street_number) values ('266122149', 'Turcotte-Zieme', 'T.Z.', 'Company', 'Nova Granada', '15440-000', 'Bartillon', '39651');
insert into organisation (organisation_id, org_name, abbreviation, org_type, city, postal_code, street, street_number) values ('833994573', 'Kessler-Ebert', 'K.E.', 'Company', 'Santa Maria', '8011', 'Stuart', '2');
insert into organisation (organisation_id, org_name, abbreviation, org_type, city, postal_code, street, street_number) values ('388665112', 'Greenfelder, Lindgren and Pfeffer', 'G.L.P.', 'Company', 'Kafr Şūr', null, 'Aigaiou', '6');
insert into organisation (organisation_id, org_name, abbreviation, org_type, city, postal_code, street, street_number) values ('560883620', 'IntelliTec College - Grand Junction', 'I.C.G.J.', 'University', 'Kangani', null, 'Union', '2790');
insert into organisation (organisation_id, org_name, abbreviation, org_type, city, postal_code, street, street_number) values ('143122232', 'St. Petersburg College', 'S.P.C.', 'University', 'Laocheng', null, 'Hollow Ridge', '1');
insert into organisation (organisation_id, org_name, abbreviation, org_type, city, postal_code, street, street_number) values ('419039180', 'Universidad de Palermo', 'U.D.P.', 'University', 'Liushan', null, 'Goodland', '6');
insert into organisation (organisation_id, org_name, abbreviation, org_type, city, postal_code, street, street_number) values ('639608656', 'Gulu University', 'G.U.', 'University', 'Bulacan', '3017', 'Crescent Oaks', '11');
insert into organisation (organisation_id, org_name, abbreviation, org_type, city, postal_code, street, street_number) values ('544350015', 'University of Sioux Falls', 'U.S.F.', 'University', 'Antanhol', '3040-561', 'Hermina', '775');
insert into organisation (organisation_id, org_name, abbreviation, org_type, city, postal_code, street, street_number) values ('926550701', 'Rajiv Gandhi University', 'R.G.U.', 'University', 'Banī Ḩassān', null, 'Kenwood', '367');
insert into organisation (organisation_id, org_name, abbreviation, org_type, city, postal_code, street, street_number) values ('252671742', 'Shandong University of Technology', 'S.U.T.', 'University', 'Shu', null, 'Elgar', '403');
insert into organisation (organisation_id, org_name, abbreviation, org_type, city, postal_code, street, street_number) values ('295754846', 'University of Brighton', 'U.B', 'University', 'Kurzętnik', '13-306', 'Maywood', '7021');
insert into organisation (organisation_id, org_name, abbreviation, org_type, city, postal_code, street, street_number) values ('953971832', 'Sterling College', 'S.C.', 'University', 'Haishan', null, 'Oriole', '67267');
insert into organisation (organisation_id, org_name, abbreviation, org_type, city, postal_code, street, street_number) values ('397913785', 'Thainguyen University of Agriculture and Forestry', 'T.U.A.F.', 'University', 'Balfour', '2410', 'Packers', '36062');
insert into organisation (organisation_id, org_name, abbreviation, org_type, city, postal_code, street, street_number) values ('572884017', 'Monahan, Bergstrom and Renner', 'M.B.R.', 'Research Centre', 'Del Monte', '1105', 'Buena Vista', '09255');
insert into organisation (organisation_id, org_name, abbreviation, org_type, city, postal_code, street, street_number) values ('202120499', 'Buckridge-Walter', 'B.W.', 'Research Centre', 'Arnhem', '6804', 'Hollow Ridge', '0');
insert into organisation (organisation_id, org_name, abbreviation, org_type, city, postal_code, street, street_number) values ('519824390', 'Kuhlman and Sons', 'K.S.', 'Research Centre', 'Mangdang', null, 'Eastwood', '59088');
insert into organisation (organisation_id, org_name, abbreviation, org_type, city, postal_code, street, street_number) values ('141590248', 'Wyman Inc', 'W.I.', 'Research Centre', 'Miyang', null, 'Village', '456');
insert into organisation (organisation_id, org_name, abbreviation, org_type, city, postal_code, street, street_number) values ('496176274', 'Weissnat and Sons', 'W.S.', 'Research Centre', 'Gyamco', null, 'Hoffman', '9045');
insert into organisation (organisation_id, org_name, abbreviation, org_type, city, postal_code, street, street_number) values ('861296622', 'Mertz-Adams', 'M.A.', 'Research Centre', 'Krasnaya Polyana', '352947', 'Fair Oaks', '63658');
insert into organisation (organisation_id, org_name, abbreviation, org_type, city, postal_code, street, street_number) values ('600223188', 'Farrell-Bergstrom', 'F.B.', 'Research Centre', 'Ferrol', '15490', 'Express', '972');
insert into organisation (organisation_id, org_name, abbreviation, org_type, city, postal_code, street, street_number) values ('920269356', 'Kilback-Stark', 'K.S.', 'Research Centre', 'Dao', '5810', 'Crownhardt', '09');
insert into organisation (organisation_id, org_name, abbreviation, org_type, city, postal_code, street, street_number) values ('527524408', 'Greenholt-Wisoky', 'G.W.', 'Research Centre', 'Zhendu', null, 'Village', '97044');
insert into organisation (organisation_id, org_name, abbreviation, org_type, city, postal_code, street, street_number) values ('732575382', 'Stoltenberg-Pouros', 'S.P', 'Research Centre', 'Fengqiao', null, 'Carberry', '0775');
insert into organisation (organisation_id, org_name, abbreviation, org_type, city, postal_code, street, street_number) values ('819206072', 'Gleason-Mueller', 'G.M', 'Research Centre', 'Västerås', '31 078', 'Melby', '94997');

insert into phone (phone, organisation_id) values ('2103293089', '206946265');
insert into phone (phone, organisation_id) values ('2106540112', '206946265');
insert into phone (phone, organisation_id) values ('8113831598', '653722558');
insert into phone (phone, organisation_id) values ('2047183381', '161360423');
insert into phone (phone, organisation_id) values ('3481129662', '161360423');
insert into phone (phone, organisation_id) values ('5263843063', '161360423');
insert into phone (phone, organisation_id) values ('1718250339', '189236839');
insert into phone (phone, organisation_id) values ('2436666832', '759377176');
insert into phone (phone, organisation_id) values ('7084113883', '895526088');
insert into phone (phone, organisation_id) values ('6756337681', '895526088');
insert into phone (phone, organisation_id) values ('1959026164', '762771886');
insert into phone (phone, organisation_id) values ('7491255643', '762771886');
insert into phone (phone, organisation_id) values ('8507898044', '238401321');
insert into phone (phone, organisation_id) values ('2162301781', '912943580');
insert into phone (phone, organisation_id) values ('7817384246', '912943580');
insert into phone (phone, organisation_id) values ('1225292900', '221389040');
insert into phone (phone, organisation_id) values ('8301249705', '221389040');
insert into phone (phone, organisation_id) values ('5543860069', '266122149');
insert into phone (phone, organisation_id) values ('3428208918', '266122149');
insert into phone (phone, organisation_id) values ('2346085980', '266122149');
insert into phone (phone, organisation_id) values ('5547602418', '833994573');
insert into phone (phone, organisation_id) values ('6289839915', '388665112');
insert into phone (phone, organisation_id) values ('6011651833', '388665112');
insert into phone (phone, organisation_id) values ('3507009076', '560883620');
insert into phone (phone, organisation_id) values ('8285568170', '143122232');
insert into phone (phone, organisation_id) values ('6771412745', '143122232');
insert into phone (phone, organisation_id) values ('6753893856', '419039180');
insert into phone (phone, organisation_id) values ('5867840798', '639608656');
insert into phone (phone, organisation_id) values ('3762808188', '544350015');
insert into phone (phone, organisation_id) values ('5485191144', '926550701');
insert into phone (phone, organisation_id) values ('1101317226', '252671742');
insert into phone (phone, organisation_id) values ('7775864932', '295754846');
insert into phone (phone, organisation_id) values ('1541300791', '202120499');
insert into phone (phone, organisation_id) values ('7784877935', '572884017');
insert into phone (phone, organisation_id) values ('1383113787', '519824390');
insert into phone (phone, organisation_id) values ('3562971002', '519824390');
insert into phone (phone, organisation_id) values ('5766713229', '397913785');
insert into phone (phone, organisation_id) values ('3573212646', '953971832');
insert into phone (phone, organisation_id) values ('2502870083', '141590248');
insert into phone (phone, organisation_id) values ('1823527692', '496176274');
insert into phone (phone, organisation_id) values ('1603557939', '496176274');
insert into phone (phone, organisation_id) values ('1947035742', '819206072');
insert into phone (phone, organisation_id) values ('9965679800', '861296622');
insert into phone (phone, organisation_id) values ('8825043395', '861296622');
insert into phone (phone, organisation_id) values ('6323124381', '920269356');
insert into phone (phone, organisation_id) values ('4806302965', '527524408');
insert into phone (phone, organisation_id) values ('1095885462', '527524408');
insert into phone (phone, organisation_id) values ('5018827993', '600223188');
insert into phone (phone, organisation_id) values ('7614949978', '600223188');
insert into phone (phone, organisation_id) values ('2294959343', '732575382');

insert into company (organisation_id, org_type, assets) values ('206946265', 'Company', '560000');
insert into company (organisation_id, org_type, assets) values ('653722558', 'Company', '1000000');
insert into company (organisation_id, org_type, assets) values ('161360423', 'Company', '809000');
insert into company (organisation_id, org_type, assets) values ('189236839', 'Company', '760000');
insert into company (organisation_id, org_type, assets) values ('759377176', 'Company', '421000');
insert into company (organisation_id, org_type, assets) values ('895526088', 'Company', '900000');
insert into company (organisation_id, org_type, assets) values ('762771886', 'Company', '1200000');
insert into company (organisation_id, org_type, assets) values ('238401321', 'Company', '590000');
insert into company (organisation_id, org_type, assets) values ('912943580', 'Company', '405000');
insert into company (organisation_id, org_type, assets) values ('221389040', 'Company', '600000');
insert into company (organisation_id, org_type, assets) values ('266122149', 'Company', '359000');
insert into company (organisation_id, org_type, assets) values ('833994573', 'Company', '430000');
insert into company (organisation_id, org_type, assets) values ('388665112', 'Company', '1400000');

insert into university (organisation_id, org_type, budget_from_ed_ministry) values ('143122232', 'University', '600000');
insert into university (organisation_id, org_type, budget_from_ed_ministry) values ('419039180', 'University', '700000');
insert into university (organisation_id, org_type, budget_from_ed_ministry) values ('639608656', 'University', '300000');
insert into university (organisation_id, org_type, budget_from_ed_ministry) values ('544350015', 'University', '540000');
insert into university (organisation_id, org_type, budget_from_ed_ministry) values ('926550701', 'University', '769000');
insert into university (organisation_id, org_type, budget_from_ed_ministry) values ('252671742', 'University', '543000');
insert into university (organisation_id, org_type, budget_from_ed_ministry) values ('295754846', 'University', '650000');
insert into university (organisation_id, org_type, budget_from_ed_ministry) values ('953971832', 'University', '890000');
insert into university (organisation_id, org_type, budget_from_ed_ministry) values ('397913785', 'University', '601000');

insert into research_centre (organisation_id, org_type, budget_from_ed_ministry, budget_from_private) values ('572884017','Research Centre', '500000', '100000');
insert into research_centre (organisation_id, org_type, budget_from_ed_ministry, budget_from_private) values ('202120499', 'Research Centre', '700000', '45000');
insert into research_centre (organisation_id, org_type, budget_from_ed_ministry, budget_from_private) values ('519824390', 'Research Centre', '940000', '18000');
insert into research_centre (organisation_id, org_type, budget_from_ed_ministry, budget_from_private) values ('141590248', 'Research Centre', '76000', '580000');
insert into research_centre (organisation_id, org_type, budget_from_ed_ministry, budget_from_private) values ('496176274', 'Research Centre', '62000', '860000');
insert into research_centre (organisation_id, org_type, budget_from_ed_ministry, budget_from_private) values ('861296622', 'Research Centre', '320000', '79000');
insert into research_centre (organisation_id, org_type, budget_from_ed_ministry, budget_from_private) values ('600223188', 'Research Centre', '960000', '800000');
insert into research_centre (organisation_id, org_type, budget_from_ed_ministry, budget_from_private) values ('920269356', 'Research Centre', '98000', '870000');
insert into research_centre (organisation_id, org_type, budget_from_ed_ministry, budget_from_private) values ('527524408', 'Research Centre', '549000', '98000');
insert into research_centre (organisation_id, org_type, budget_from_ed_ministry, budget_from_private) values ('732575382','Research Centre', '1200000', '500000');
insert into research_centre (organisation_id, org_type, budget_from_ed_ministry, budget_from_private) values ('819206072', 'Research Centre', '320000', '900000');


insert into researcher (researcher_id, researcher_name, sex, birthdate, organisation_id, org_starting_date) values ('778065092', 'Panchito Corbet', 'male', '1980-12-18', '206946265', '1997-12-6');
insert into researcher (researcher_id, researcher_name, sex, birthdate, organisation_id, org_starting_date) values ('955177962', 'Guillemette Rickcord', 'female', '1969-3-2', '206946265', '1990-5-1');
insert into researcher (researcher_id, researcher_name, sex, birthdate, organisation_id, org_starting_date) values ('600701168', 'Felisha Arents', 'female', '1964-5-17', '206946265', '1993-6-17');
insert into researcher (researcher_id, researcher_name, sex, birthdate, organisation_id, org_starting_date) values ('532783345', 'Jess Dodshon', 'female', '1981-3-2', '653722558', '2001-5-20');
insert into researcher (researcher_id, researcher_name, sex, birthdate, organisation_id, org_starting_date) values ('793562788', 'Carmelia Shevill', 'female', '1991-7-27', '653722558', '2011-12-5');
insert into researcher (researcher_id, researcher_name, sex, birthdate, organisation_id, org_starting_date) values ('801864687', 'Marlo Loudon', 'female', '1992-8-7', '653722558', '2017-12-24');
insert into researcher (researcher_id, researcher_name, sex, birthdate, organisation_id, org_starting_date) values ('169038560', 'Bernie Sebert', 'male', '1973-12-27', '161360423', '2018-2-12');
insert into researcher (researcher_id, researcher_name, sex, birthdate, organisation_id, org_starting_date) values ('008930894', 'Humfrid Speare', 'male', '1964-5-18', '161360423', '2000-9-24');
insert into researcher (researcher_id, researcher_name, sex, birthdate, organisation_id, org_starting_date) values ('314899477', 'Armando Abramski', 'male', '1960-5-22', '161360423', '2020-8-24');
insert into researcher (researcher_id, researcher_name, sex, birthdate, organisation_id, org_starting_date) values ('925573817', 'Sibyl Domelow', 'female', '1988-4-7', '189236839', '1993-3-9');
insert into researcher (researcher_id, researcher_name, sex, birthdate, organisation_id, org_starting_date) values ('646856195', 'Othella Rapper', 'female', '1972-7-14', '189236839', '2019-12-6');
insert into researcher (researcher_id, researcher_name, sex, birthdate, organisation_id, org_starting_date) values ('554660419', 'Henry Mattingley', 'male', '1971-10-15', '189236839', '2009-11-9');
insert into researcher (researcher_id, researcher_name, sex, birthdate, organisation_id, org_starting_date) values ('138457175', 'Kelsey Breward', 'female', '1995-9-14', '759377176', '2007-1-20');
insert into researcher (researcher_id, researcher_name, sex, birthdate, organisation_id, org_starting_date) values ('296954471', 'Willabella Colleran', 'female', '1968-8-29', '759377176',  '1999-4-30');
insert into researcher (researcher_id, researcher_name, sex, birthdate, organisation_id, org_starting_date) values ('147839926', 'Eada Chippendale', 'female', '1964-7-7', '895526088', '2013-2-28');
insert into researcher (researcher_id, researcher_name, sex, birthdate, organisation_id, org_starting_date) values ('763693117', 'Reuven Vautier', 'male', '1989-9-8', '895526088','2021-5-25');
insert into researcher (researcher_id, researcher_name, sex, birthdate, organisation_id, org_starting_date) values ('654943358', 'Langsdon Radmer', 'female', '1966-12-12', '895526088','2008-1-9');
insert into researcher (researcher_id, researcher_name, sex, birthdate, organisation_id, org_starting_date) values ('016264889', 'Ibby Taks', 'female', '1981-3-21', '762771886','2013-6-1');
insert into researcher (researcher_id, researcher_name, sex, birthdate, organisation_id, org_starting_date) values ('779580731', 'Nance Sheward', 'male', '1987-7-8', '762771886','1996-5-21');
insert into researcher (researcher_id, researcher_name, sex, birthdate, organisation_id, org_starting_date) values ('037698908', 'Dell Chatenier', 'male', '1974-6-28', '762771886','2001-10-28');
insert into researcher (researcher_id, researcher_name, sex, birthdate, organisation_id, org_starting_date) values ('097561232', 'Nelia Wadman', 'female', '1970-12-5', '238401321', '2017-12-30');
insert into researcher (researcher_id, researcher_name, sex, birthdate, organisation_id, org_starting_date) values ('563570876', 'Meyer Ferri', 'male', '1971-12-30', '238401321', '2015-3-15');
insert into researcher (researcher_id, researcher_name, sex, birthdate, organisation_id, org_starting_date) values ('854983398', 'Rozamond Gant', 'female', '1981-9-21', '238401321', '2005-11-5');
insert into researcher (researcher_id, researcher_name, sex, birthdate, organisation_id, org_starting_date) values ('864050189', 'Harley Heino', 'male', '1973-4-19', '238401321', '2011-4-17');
insert into researcher (researcher_id, researcher_name, sex, birthdate, organisation_id, org_starting_date) values ('546126111', 'Gaye Stickney', 'male', '1994-8-13', '912943580', '1990-11-10');
insert into researcher (researcher_id, researcher_name, sex, birthdate, organisation_id, org_starting_date) values ('049690114', 'Amelina Sketchley', 'female', '1989-8-18', '912943580', '1995-9-26');
insert into researcher (researcher_id, researcher_name, sex, birthdate, organisation_id, org_starting_date) values ('118962994', 'Sibelle Adlard', 'female', '1961-3-9', '912943580', '2010-3-15');
insert into researcher (researcher_id, researcher_name, sex, birthdate, organisation_id, org_starting_date) values ('594737844', 'Enriqueta Gaspard', 'female', '1992-9-24', '221389040', '1990-4-7');
insert into researcher (researcher_id, researcher_name, sex, birthdate, organisation_id, org_starting_date) values ('446077062', 'Wyatt Corker', 'male', '1965-11-18', '221389040', '2003-12-20');
insert into researcher (researcher_id, researcher_name, sex, birthdate, organisation_id, org_starting_date) values ('555798729', 'Fredelia Samples', 'female', '1989-2-5', '266122149', '2004-4-9');
insert into researcher (researcher_id, researcher_name, sex, birthdate, organisation_id, org_starting_date) values ('545097884', 'Krystalle McCorkell', 'female', '1989-5-2', '266122149', '1999-12-10');
insert into researcher (researcher_id, researcher_name, sex, birthdate, organisation_id, org_starting_date) values ('925568346', 'Freddi Pisco', 'male', '1993-11-7', '266122149', '2004-9-24');
insert into researcher (researcher_id, researcher_name, sex, birthdate, organisation_id, org_starting_date) values ('057966710', 'Chet Tabord', 'male', '1980-7-10', '266122149', '2004-5-29');
insert into researcher (researcher_id, researcher_name, sex, birthdate, organisation_id, org_starting_date) values ('364594883', 'Agneta Goldman', 'female', '1982-4-15', '833994573', '2007-11-2');
insert into researcher (researcher_id, researcher_name, sex, birthdate, organisation_id, org_starting_date) values ('213157851', 'Morse Norway', 'male', '1969-7-9', '833994573', '1996-1-9');
insert into researcher (researcher_id, researcher_name, sex, birthdate, organisation_id, org_starting_date) values ('533027567', 'Dino Guitte', 'male', '1988-5-29', '833994573', '1999-9-10');
insert into researcher (researcher_id, researcher_name, sex, birthdate, organisation_id, org_starting_date) values ('975787567', 'Avigdor Crampsey', 'female', '1968-5-31', '833994573', '2004-11-18');
insert into researcher (researcher_id, researcher_name, sex, birthdate, organisation_id, org_starting_date) values ('194793131', 'Mira Shade', 'female', '1970-12-7', '388665112', '2007-5-23');
insert into researcher (researcher_id, researcher_name, sex, birthdate, organisation_id, org_starting_date) values ('348221231', 'Sergio Hoffmann', 'male', '1964-2-4', '388665112', '2019-8-3');
insert into researcher (researcher_id, researcher_name, sex, birthdate, organisation_id, org_starting_date) values ('141525781', 'Shaun Doman', 'male', '1994-5-3', '388665112', '1996-6-13');
insert into researcher (researcher_id, researcher_name, sex, birthdate, organisation_id, org_starting_date) values ('573262985', 'Hillyer Serjent', 'male', '1971-8-16', '560883620', '2019-10-9');
insert into researcher (researcher_id, researcher_name, sex, birthdate, organisation_id, org_starting_date) values ('080167761', 'Derek McGinty', 'male', '1973-7-27', '560883620', '2012-12-7');
insert into researcher (researcher_id, researcher_name, sex, birthdate, organisation_id, org_starting_date) values ('690867456', 'Susannah Grealy', 'female', '1976-1-26', '560883620', '2004-7-10');
insert into researcher (researcher_id, researcher_name, sex, birthdate, organisation_id, org_starting_date) values ('698171463', 'Trisha Dracey', 'female', '1969-11-17', '143122232', '1999-5-27');
insert into researcher (researcher_id, researcher_name, sex, birthdate, organisation_id, org_starting_date) values ('018870122', 'Horten Haskett', 'male', '1987-5-29', '143122232', '2013-4-9');
insert into researcher (researcher_id, researcher_name, sex, birthdate, organisation_id, org_starting_date) values ('930446363', 'Johna Caro', 'female', '1982-12-8', '143122232', '1992-6-28');
insert into researcher (researcher_id, researcher_name, sex, birthdate, organisation_id, org_starting_date) values ('516446523', 'Rivy Rudgerd', 'male', '1972-9-6', '143122232', '1997-4-4');
insert into researcher (researcher_id, researcher_name, sex, birthdate, organisation_id, org_starting_date) values ('424621736', 'Elisabetta Finnis', 'female', '1978-7-28', '419039180', '1997-8-25');
insert into researcher (researcher_id, researcher_name, sex, birthdate, organisation_id, org_starting_date) values ('222844440', 'Eulalie McNirlin', 'male', '1964-8-9', '419039180', '2017-6-8');
insert into researcher (researcher_id, researcher_name, sex, birthdate, organisation_id, org_starting_date) values ('065529283', 'Aubree Bollans', 'female', '1981-9-5', '419039180', '1990-1-4');
insert into researcher (researcher_id, researcher_name, sex, birthdate, organisation_id, org_starting_date) values ('578890734', 'Cristin McKennan', 'female', '1995-1-23', '639608656', '1991-2-9');
insert into researcher (researcher_id, researcher_name, sex, birthdate, organisation_id, org_starting_date) values ('688163116', 'Korey O''Halligan', 'male', '1973-12-8', '639608656', '2015-2-2');
insert into researcher (researcher_id, researcher_name, sex, birthdate, organisation_id, org_starting_date) values ('041677570', 'Halie Jeannard', 'female', '1990-3-14', '639608656', '2020-3-16');
insert into researcher (researcher_id, researcher_name, sex, birthdate, organisation_id, org_starting_date) values ('637851007', 'Neila Bloodworth', 'female', '1960-10-2', '639608656', '2010-9-22');
insert into researcher (researcher_id, researcher_name, sex, birthdate, organisation_id, org_starting_date) values ('818586606', 'Peggie Diche', 'female', '1966-11-2', '544350015', '1993-1-14');
insert into researcher (researcher_id, researcher_name, sex, birthdate, organisation_id, org_starting_date) values ('379552009', 'Dorian Routham', 'male', '1980-7-16', '544350015', '2001-4-24');
insert into researcher (researcher_id, researcher_name, sex, birthdate, organisation_id, org_starting_date) values ('643848736', 'Marshal McDermott', 'male', '1988-11-22', '544350015', '2015-2-6');
insert into researcher (researcher_id, researcher_name, sex, birthdate, organisation_id, org_starting_date) values ('636367335', 'Drucy Precious', 'male', '1962-2-18', '926550701', '2004-6-24');
insert into researcher (researcher_id, researcher_name, sex, birthdate, organisation_id, org_starting_date) values ('327961039', 'Chic Euesden', 'female', '1988-6-13', '926550701', '2014-10-1');
insert into researcher (researcher_id, researcher_name, sex, birthdate, organisation_id, org_starting_date) values ('210247488', 'Dannel Inger', 'male', '1971-10-19', '926550701', '2007-10-19');
insert into researcher (researcher_id, researcher_name, sex, birthdate, organisation_id, org_starting_date) values ('268861413', 'Evangeline Readshaw', 'female', '1977-1-10', '252671742', '2008-12-13');
insert into researcher (researcher_id, researcher_name, sex, birthdate, organisation_id, org_starting_date) values ('517830516', 'Kiley Eleshenar', 'female', '1977-11-13', '252671742', '2003-10-14');
insert into researcher (researcher_id, researcher_name, sex, birthdate, organisation_id, org_starting_date) values ('735194997', 'Abra Skydall', 'male', '1963-1-21', '252671742', '1993-2-17');
insert into researcher (researcher_id, researcher_name, sex, birthdate, organisation_id, org_starting_date) values ('189430650', 'Ophelia Helliwell', 'female', '1983-1-26', '295754846', '2018-5-12');
insert into researcher (researcher_id, researcher_name, sex, birthdate, organisation_id, org_starting_date) values ('300513971', 'Mathias Tyzack', 'male', '1977-10-28', '295754846', '2004-12-18');
insert into researcher (researcher_id, researcher_name, sex, birthdate, organisation_id, org_starting_date) values ('135384181', 'Aido Yurevich', 'male', '1992-1-30', '295754846', '2029-11-10');
insert into researcher (researcher_id, researcher_name, sex, birthdate, organisation_id, org_starting_date) values ('454129826', 'Filippo O'' Mulderrig', 'male', '1970-10-10', '295754846', '2001-9-5');
insert into researcher (researcher_id, researcher_name, sex, birthdate, organisation_id, org_starting_date) values ('450481494', 'Winni Gayne', 'female', '1969-2-18', '953971832', '1997-8-29');
insert into researcher (researcher_id, researcher_name, sex, birthdate, organisation_id, org_starting_date) values ('031830512', 'Verile Garaway', 'female', '1986-9-11', '953971832', '2020-9-1');
insert into researcher (researcher_id, researcher_name, sex, birthdate, organisation_id, org_starting_date) values ('433381710', 'Cinderella Challiner', 'female', '1961-2-17', '953971832', '1991-11-7');
insert into researcher (researcher_id, researcher_name, sex, birthdate, organisation_id, org_starting_date) values ('512836096', 'Cairan Marples', 'male', '1964-12-27', '953971832', '2021-12-23');
insert into researcher (researcher_id, researcher_name, sex, birthdate, organisation_id, org_starting_date) values ('935547905', 'Pattie McGaffey', 'female', '1985-6-3', '397913785', '2004-9-24');
insert into researcher (researcher_id, researcher_name, sex, birthdate, organisation_id, org_starting_date) values ('074135037', 'Frederigo Escoffier', 'male', '1967-9-9', '397913785', '2002-5-5');
insert into researcher (researcher_id, researcher_name, sex, birthdate, organisation_id, org_starting_date) values ('230660276', 'Daruk Topper', 'male', '1971-10-15', '397913785', '2014-12-17');
insert into researcher (researcher_id, researcher_name, sex, birthdate, organisation_id, org_starting_date) values ('486930189', 'Kenny Erington', 'female', '1975-8-16', '572884017', '2008-3-23');
insert into researcher (researcher_id, researcher_name, sex, birthdate, organisation_id, org_starting_date) values ('894759947', 'Euria Shacklady', 'female', '1962-9-15', '572884017', '2012-12-28');
insert into researcher (researcher_id, researcher_name, sex, birthdate, organisation_id, org_starting_date) values ('080572940', 'Jennilee Dyne', 'female', '1972-8-24', '572884017', '2017-12-27');
insert into researcher (researcher_id, researcher_name, sex, birthdate, organisation_id, org_starting_date) values ('479865731', 'Mipha Smitherham', 'female', '1969-5-13', '202120499', '2019-1-30');
insert into researcher (researcher_id, researcher_name, sex, birthdate, organisation_id, org_starting_date) values ('766280501', 'Gusella Bransgrove', 'female', '1977-2-10', '202120499', '2009-9-9');
insert into researcher (researcher_id, researcher_name, sex, birthdate, organisation_id, org_starting_date) values ('278810541', 'Revali Matterdace', 'male', '1988-5-9', '202120499', '2016-2-23');
insert into researcher (researcher_id, researcher_name, sex, birthdate, organisation_id, org_starting_date) values ('306981139', 'Tye Ousley', 'male', '1977-5-30', '519824390', '2002-8-2');
insert into researcher (researcher_id, researcher_name, sex, birthdate, organisation_id, org_starting_date) values ('838332561', 'Cullin Pratt', 'male', '1976-11-2', '519824390', '2006-7-29');
insert into researcher (researcher_id, researcher_name, sex, birthdate, organisation_id, org_starting_date) values ('653724854', 'Josha Stradowski', 'male', '1977-6-18', '519824390', '2005-12-19');
insert into researcher (researcher_id, researcher_name, sex, birthdate, organisation_id, org_starting_date) values ('027803876', 'Link Carme', 'male', '1967-12-19', '519824390', '1990-4-21');
insert into researcher (researcher_id, researcher_name, sex, birthdate, organisation_id, org_starting_date) values ('998303616', 'Zelda Hyrule', 'female', '1993-12-12', '141590248','2021-6-26');
insert into researcher (researcher_id, researcher_name, sex, birthdate, organisation_id, org_starting_date) values ('552137896', 'Rhoda Albro', 'female', '1983-4-10', '141590248','2007-7-14');
insert into researcher (researcher_id, researcher_name, sex, birthdate, organisation_id, org_starting_date) values ('730053011', 'Spence Jendrys', 'male', '1976-5-21', '141590248','2016-2-6');
insert into researcher (researcher_id, researcher_name, sex, birthdate, organisation_id, org_starting_date) values ('661453789', 'Daren Bavidge', 'male', '1971-7-4', '141590248','1995-7-4');
insert into researcher (researcher_id, researcher_name, sex, birthdate, organisation_id, org_starting_date) values ('280361478', 'Marna Silverton', 'female', '1977-9-15', '141590248','2003-12-20');
insert into researcher (researcher_id, researcher_name, sex, birthdate, organisation_id, org_starting_date) values ('248220987', 'Dian Charleston', 'male', '1978-2-19', '496176274', '2000-5-27');
insert into researcher (researcher_id, researcher_name, sex, birthdate, organisation_id, org_starting_date) values ('390087783', 'Giuseppe Imison', 'male', '1984-9-22', '496176274', '2020-11-26');
insert into researcher (researcher_id, researcher_name, sex, birthdate, organisation_id, org_starting_date) values ('056493635', 'Sharyl Fronsek', 'male', '1991-2-15', '496176274', '2020-2-9');
insert into researcher (researcher_id, researcher_name, sex, birthdate, organisation_id, org_starting_date) values ('052718300', 'Ellery Brasted', 'female', '1985-2-1', '496176274', '2017-3-12');
insert into researcher (researcher_id, researcher_name, sex, birthdate, organisation_id, org_starting_date) values ('873817913', 'Lothaire Whodcoat', 'male', '1975-7-7', '496176274', '1995-11-2');
insert into researcher (researcher_id, researcher_name, sex, birthdate, organisation_id, org_starting_date) values ('382706928', 'Wilbur McTiernan', 'male', '1975-5-5', '861296622', '1998-10-23');
insert into researcher (researcher_id, researcher_name, sex, birthdate, organisation_id, org_starting_date) values ('160870943', 'Crin Matousek', 'male', '1993-12-30', '861296622', '2016-9-30');
insert into researcher (researcher_id, researcher_name, sex, birthdate, organisation_id, org_starting_date) values ('996090933', 'Redd Aspray', 'male', '1968-2-29', '861296622', '2019-9-24');
insert into researcher (researcher_id, researcher_name, sex, birthdate, organisation_id, org_starting_date) values ('065518215', 'Barnabas Phillis', 'male', '1986-12-23', '861296622', '2011-9-8');
insert into researcher (researcher_id, researcher_name, sex, birthdate, organisation_id, org_starting_date) values ('741248648', 'Carena Checklin', 'female', '1980-6-12', '600223188', '1999-9-1');
insert into researcher (researcher_id, researcher_name, sex, birthdate, organisation_id, org_starting_date) values ('035003837', 'Ermengarde Beran', 'male', '1971-2-2', '600223188', '1993-12-31');
insert into researcher (researcher_id, researcher_name, sex, birthdate, organisation_id, org_starting_date) values ('587243089', 'Carroll Edens', 'male', '1995-2-17', '600223188', '2019-3-2');
insert into researcher (researcher_id, researcher_name, sex, birthdate, organisation_id, org_starting_date) values ('862790044', 'Mortie Humburton', 'male', '1964-11-15', '600223188', '2010-4-21');
insert into researcher (researcher_id, researcher_name, sex, birthdate, organisation_id, org_starting_date) values ('783723015', 'Audie Blann', 'female', '1995-6-18', '600223188', '1997-11-22');
insert into researcher (researcher_id, researcher_name, sex, birthdate, organisation_id, org_starting_date) values ('739823791', 'Byrom Whitney', 'male', '1994-9-9', '920269356', '2019-11-10');
insert into researcher (researcher_id, researcher_name, sex, birthdate, organisation_id, org_starting_date) values ('532273283', 'Diannne Boggis', 'female', '1971-7-19', '920269356', '1994-10-17');
insert into researcher (researcher_id, researcher_name, sex, birthdate, organisation_id, org_starting_date) values ('084649999', 'Khai Stiegars', 'female', '1983-1-31', '920269356', '2004-11-21');
insert into researcher (researcher_id, researcher_name, sex, birthdate, organisation_id, org_starting_date) values ('198059058', 'Petronia Saich', 'female', '1971-10-10', '920269356', '1998-10-10');
insert into researcher (researcher_id, researcher_name, sex, birthdate, organisation_id, org_starting_date) values ('409603892', 'Trixi Jiruca', 'female', '1968-3-23', '527524408', '2019-1-21');
insert into researcher (researcher_id, researcher_name, sex, birthdate, organisation_id, org_starting_date) values ('472634315', 'Rene Vernazza', 'female', '1981-11-22', '527524408', '2008-10-11');
insert into researcher (researcher_id, researcher_name, sex, birthdate, organisation_id, org_starting_date) values ('652737588', 'Elise Spottiswood', 'female', '1989-10-24', '527524408', '2016-5-6');
insert into researcher (researcher_id, researcher_name, sex, birthdate, organisation_id, org_starting_date) values ('718793181', 'Irvine McBoyle', 'female', '1984-1-24', '527524408', '2007-4-28');
insert into researcher (researcher_id, researcher_name, sex, birthdate, organisation_id, org_starting_date) values ('303332853', 'Anthony J. Crawley', 'male', '1979-2-24', '732575382', '2009-4-3');
insert into researcher (researcher_id, researcher_name, sex, birthdate, organisation_id, org_starting_date) values ('405364627', 'Archer Joncic', 'male', '1962-12-18', '732575382', '2004-3-28');
insert into researcher (researcher_id, researcher_name, sex, birthdate, organisation_id, org_starting_date) values ('609457806', 'Evy Cabrales', 'female', '1993-10-3', '732575382', '2018-4-17');
insert into researcher (researcher_id, researcher_name, sex, birthdate, organisation_id, org_starting_date) values ('133805130', 'Perrin Aybara', 'male', '1986-11-11', '819206072', '2010-11-2');
insert into researcher (researcher_id, researcher_name, sex, birthdate, organisation_id, org_starting_date) values ('145790125', 'Matrim Cauthon', 'male', '1983-11-19', '819206072', '2010-4-7');
insert into researcher (researcher_id, researcher_name, sex, birthdate, organisation_id, org_starting_date) values ('561939847', 'Rand AlThor', 'male', '1984-4-17', '819206072', '2010-9-17');

insert into executive (executive_id, executive_name) values ('476147609', 'Thia Ghilks');
insert into executive (executive_id, executive_name) values ('417374407', 'Elayne Trakand');
insert into executive (executive_id, executive_name) values ('039652417', 'Terry De Benedictis');
insert into executive (executive_id, executive_name) values ('522545398', 'Norean Earney');
insert into executive (executive_id, executive_name) values ('407044436', 'Chic Dayer');
insert into executive (executive_id, executive_name) values ('154169900', 'Egwene AlVere');
insert into executive (executive_id, executive_name) values ('377078047', 'Davis Bern');
insert into executive (executive_id, executive_name) values ('159439553', 'Cull Bedinham');
insert into executive (executive_id, executive_name) values ('690428817', 'Ajax Karioris');
insert into executive (executive_id, executive_name) values ('361228928', 'Rochell Leggat');
insert into executive (executive_id, executive_name) values ('959957326', 'Ring Geharke');
insert into executive (executive_id, executive_name) values ('499899326', 'Cheslie Windows');
insert into executive (executive_id, executive_name) values ('105093632', 'Hilary Tregaskis');
insert into executive (executive_id, executive_name) values ('263656976', 'Elan Morin');
insert into executive (executive_id, executive_name) values ('415298002', 'Base Drayn');
insert into executive (executive_id, executive_name) values ('920724750', 'Gayle Scamerdine');
insert into executive (executive_id, executive_name) values ('315927408', 'Sella Shambrook');
insert into executive (executive_id, executive_name) values ('476755330', 'Gates Tamblingson');
insert into executive (executive_id, executive_name) values ('528662296', 'Val Lange');
insert into executive (executive_id, executive_name) values ('801138106', 'Ewart Writer');
insert into executive (executive_id, executive_name) values ('361768088', 'Archaimbaud Dunnet');
insert into executive (executive_id, executive_name) values ('464852421', 'Tamqrah Huccaby');
insert into executive (executive_id, executive_name) values ('747904157', 'Basia Jesson');
insert into executive (executive_id, executive_name) values ('716462180', 'Padraic Sabben');
insert into executive (executive_id, executive_name) values ('019769819', 'Jocelyn Scramage');
insert into executive (executive_id, executive_name) values ('907521711', 'Rahal Pencott');
insert into executive (executive_id, executive_name) values ('038396156', 'Nellie Durram');
insert into executive (executive_id, executive_name) values ('439533098', 'Tomkin MacMarcuis');
insert into executive (executive_id, executive_name) values ('359562321', 'Clayson Starmont');
insert into executive (executive_id, executive_name) values ('367745103', 'Dmitri Vignaux');
insert into executive (executive_id, executive_name) values ('724741964', 'Gilemette Ebbotts');
insert into executive (executive_id, executive_name) values ('135922124', 'Donna Bemlott');


insert into programm (programm_id, programm_name, unit) values ('501449436', 'Balanced executive collaboration', 'Research and Development');
insert into programm (programm_id, programm_name, unit) values ('304463009', 'Mandatory coherent throughput', 'Business Development');
insert into programm (programm_id, programm_name, unit) values ('239616061', 'Team-oriented non-volatile synergy', 'Human Resources');
insert into programm (programm_id, programm_name, unit) values ('117457017', 'Monitored dedicated initiative', 'Sales');
insert into programm (programm_id, programm_name, unit) values ('703477150', 'Upgradable background superstructure', 'Services');
insert into programm (programm_id, programm_name, unit) values ('551778495', 'Synergized clear-thinking access', 'Business Development');
insert into programm (programm_id, programm_name, unit) values ('410541765', 'Horizontal regional archive', 'Support');
insert into programm (programm_id, programm_name, unit) values ('473404698', 'Cloned uniform pricing structure', 'Human Resources');
insert into programm (programm_id, programm_name, unit) values ('053174876', 'Fully-configurable object-oriented software', 'Training');
insert into programm (programm_id, programm_name, unit) values ('267152006', 'Diverse web-enabled encryption', 'Human Resources');
insert into programm (programm_id, programm_name, unit) values ('467072191', 'Persistent value-added focus group', 'Human Resources');
insert into programm (programm_id, programm_name, unit) values ('932783254', 'Ergonomic non-volatile process improvement', 'Support');
insert into programm (programm_id, programm_name, unit) values ('856787828', 'Profound fresh-thinking functionalities', 'Training');
insert into programm (programm_id, programm_name, unit) values ('519513278', 'Virtual modular pricing structure', 'Training');
insert into programm (programm_id, programm_name, unit) values ('432172297', 'Object-based 4th generation conglomeration', 'Sales');
insert into programm (programm_id, programm_name, unit) values ('928908264', 'Inverse directional neural-net', 'Services');
insert into programm (programm_id, programm_name, unit) values ('936339658', 'Vision-oriented 24 hour synergy', 'Training');
insert into programm (programm_id, programm_name, unit) values ('559499316', 'Programmable dynamic utilisation', 'Support');
insert into programm (programm_id, programm_name, unit) values ('540503344', 'Public-key bifurcated synergy', 'Business Development');
insert into programm (programm_id, programm_name, unit) values ('210826994', 'De-engineered methodical model', 'Legal');
insert into programm (programm_id, programm_name, unit) values ('937648375', 'Reactive grid-enabled access', 'Engineering');
insert into programm (programm_id, programm_name, unit) values ('476814151', 'Vision-oriented multimedia groupware', 'Training');
insert into programm (programm_id, programm_name, unit) values ('327732393', 'Proactive holistic standardization', 'Services');
insert into programm (programm_id, programm_name, unit) values ('715040008', 'Profound web-enabled conglomeration', 'Business Development');
insert into programm (programm_id, programm_name, unit) values ('653443264', 'Open-architected context-sensitive encryption', 'Marketing');
insert into programm (programm_id, programm_name, unit) values ('653436808', 'Horizontal transitional emulation', 'Business Development');
insert into programm (programm_id, programm_name, unit) values ('577427933', 'Reduced upward-trending emulation', 'Human Resources');
insert into programm (programm_id, programm_name, unit) values ('774990560', 'Inverse logistical benchmark', 'Accounting');
insert into programm (programm_id, programm_name, unit) values ('675471934', 'Open-source upward-trending groupware', 'Business Development');
insert into programm (programm_id, programm_name, unit) values ('409497924', 'Horizontal background strategy', 'Business Development');


insert into project (project_id, title, summary, funding_amount, start_date, end_date, executive_id, programm_id, organisation_id, supervisor_id, evaluator_id) values ('373442163', 'Object-based composite encoding', 'Morbi non lectus. Aliquam sit amet diam in magna bibendum imperdiet. Nullam orci pede, venenatis non, sodales sed, tincidunt eu, felis.','526125.29', '2020-10-30', '2022-08-16', '476147609', '703477150', '653722558', '201372734', '793926915');
insert into project (project_id, title, summary,funding_amount, start_date, end_date, executive_id, programm_id, organisation_id, supervisor_id, evaluator_id) values ('190865557', 'Switchable mission-critical database','Phasellus sit amet erat. Nulla tempus. Vivamus in felis eu sapien cursus vestibulum.', '501821.63', '2019-12-27', '2024-10-19', '417374407', '467072191', '653722558', '210142086', '702838220');
insert into project (project_id, title, summary,funding_amount, start_date, end_date, executive_id, programm_id, organisation_id, supervisor_id, evaluator_id) values ('622327400', 'Robotic Surgery', 'Curabitur at ipsum ac tellus semper interdum. Mauris ullamcorper purus sit amet nulla. Quisque arcu libero, rutrum ac, lobortis vel, dapibus at, diam.','788460.38', '2021-08-05', '2023-12-22', '039652417', '117457017', '161360423', '281230195', '337844894');
insert into project (project_id, title,summary, funding_amount, start_date, end_date, executive_id, programm_id, organisation_id, supervisor_id, evaluator_id) values ('069323465', 'Intuitive non-volatile implementation','In quis justo. Maecenas rhoncus aliquam lacus. Morbi quis tortor id nulla ultrices aliquet.', '821916.33', '2020-04-19', '2023-07-21', '039652417', '467072191', '189236839', '761812235', '430552455');
insert into project (project_id, title, summary,funding_amount, start_date, end_date, executive_id, programm_id, organisation_id, supervisor_id, evaluator_id) values ('339166416', 'Cross-platform dynamic website', 'Suspendisse potenti. In eleifend quam a odio. In hac habitasse platea dictumst.','901932.00', '2018-08-14', '2022-02-20', '522545398', '501449436', '189236839', '903807365', '391855034');
insert into project (project_id, title,summary, funding_amount, start_date, end_date, executive_id, programm_id, organisation_id, supervisor_id, evaluator_id) values ('074895570', 'Self-enabling background encoding','Suspendisse potenti. In eleifend quam a odio. In hac habitasse platea dictumst.', '947400.00', '2018-11-18', '2023-05-22', '522545398', '551778495', '759377176', '606697031', '615558970');
insert into project (project_id, title, summary,funding_amount, start_date, end_date, executive_id, programm_id, organisation_id, supervisor_id, evaluator_id) values ('387378174', 'Reactive high-level flexibility', 'Aliquam quis turpis eget elit sodales scelerisque. Mauris sit amet eros. Suspendisse accumsan tortor quis turpis.','139249.22', '2020-07-23', '2022-07-07', '522545398', '410541765', '759377176', '442243435', '485364309');
insert into project (project_id, title, summary,funding_amount, start_date, end_date, executive_id, programm_id, organisation_id, supervisor_id, evaluator_id) values ('423499560', 'Business-focused transitional portal', 'Integer tincidunt ante vel ipsum. Praesent blandit lacinia erat. Vestibulum sed magna at nunc commodo placerat.','267500.13', '2022-04-09', '2025-06-12', '407044436', '936339658', '895526088', '777290070', '227380906');
insert into project (project_id, title, summary,funding_amount, start_date, end_date, executive_id, programm_id, organisation_id, supervisor_id, evaluator_id) values ('647752314', 'Triple-buffered coherent database', 'Curabitur in libero ut massa volutpat convallis. Morbi odio odio, elementum eu, interdum eu, tincidunt in, leo. Maecenas pulvinar lobortis est.','591953.48', '2021-07-16', '2024-06-01', '407044436', '551778495', '895526088', '952347026', '243930999');
insert into project (project_id, title, summary,funding_amount, start_date, end_date, executive_id, programm_id, organisation_id, supervisor_id, evaluator_id) values ('365374502', 'Optional non-volatile budgetary management', 'Integer tincidunt ante vel ipsum. Praesent blandit lacinia erat. Vestibulum sed magna at nunc commodo placerat.','104128.11', '2020-12-31', '2025-06-17', '154169900', '559499316', '895526088', '611315159', '393512286');
insert into project (project_id, title, summary,funding_amount, start_date, end_date, executive_id, programm_id, organisation_id, supervisor_id, evaluator_id) values ('887896018', 'Face to face regional paradigm', 'Aenean lectus. Pellentesque eget nunc. Donec quis orci eget orci vehicula condimentum.','704884.11', '2020-03-08', '2024-05-14', '690428817', '501449436', '762771886', '945016524', '968277856');
insert into project (project_id, title,summary, funding_amount, start_date, end_date, executive_id, programm_id, organisation_id, supervisor_id, evaluator_id) values ('686138055', 'Reduced impactful success', 'Proin eu mi. Nulla ac enim. In tempor, turpis nec euismod scelerisque, quam turpis adipiscing lorem, vitae mattis nibh ligula nec sem.','940534.00', '2022-01-15', '2025-02-28', '159439553', '267152006', '238401321', '384649870', '775551990');
insert into project (project_id, title, summary,funding_amount, start_date, end_date, executive_id, programm_id, organisation_id, supervisor_id, evaluator_id) values ('996244799', 'Automated optimizing attitude', 'Curabitur at ipsum ac tellus semper interdum. Mauris ullamcorper purus sit amet nulla. Quisque arcu libero, rutrum ac, lobortis vel, dapibus at, diam.','869393.34', '2018-12-19', '2022-05-09', '959957326', '210826994', '238401321', '265980799', '534088326');
insert into project (project_id, title, summary,funding_amount, start_date, end_date, executive_id, programm_id, organisation_id, supervisor_id, evaluator_id) values ('584554234', 'Optional dynamic definition', 'Pellentesque at nulla. Suspendisse potenti. Cras in purus eu magna vulputate luctus.','304851.58', '2020-03-28', '2024-02-10', '690428817', '540503344', '912943580', '580674287', '285051469');
insert into project (project_id, title, summary,funding_amount, start_date, end_date, executive_id, programm_id, organisation_id, supervisor_id, evaluator_id) values ('114457755', 'Profit-focused intangible model','Proin eu mi. Nulla ac enim. In tempor, turpis nec euismod scelerisque, quam turpis adipiscing lorem, vitae mattis nibh ligula nec sem.', '215909.41', '2021-12-11', '2025-06-05', '499899326', '675471934', '221389040', '509954277', '247592497');
insert into project (project_id, title,summary, funding_amount, start_date, end_date, executive_id, programm_id, organisation_id, supervisor_id, evaluator_id) values ('325244483', 'Focused bifurcated challenge', 'Mauris enim leo, rhoncus sed, vestibulum sit amet, cursus id, turpis. Integer aliquet, massa id lobortis convallis, tortor risus dapibus augue, vel accumsan tellus nisi eu orci. Mauris lacinia sapien quis libero.','520959.82', '2021-09-23', '2023-01-15', '263656976', '409497924', '221389040', '924609776', '537635138');
insert into project (project_id, title, summary,funding_amount, start_date, end_date, executive_id, programm_id, organisation_id, supervisor_id, evaluator_id) values ('813900289', 'Expanded needs-based infrastructure', 'Morbi non lectus. Aliquam sit amet diam in magna bibendum imperdiet. Nullam orci pede, venenatis non, sodales sed, tincidunt eu, felis.','973171.18', '2019-12-23', '2022-08-17', '690428817', '304463009', '266122149', '792726383', '909788192');
insert into project (project_id, title, summary,funding_amount, start_date, end_date, executive_id, programm_id, organisation_id, supervisor_id, evaluator_id) values ('190226678', 'Progressive radical adapter', 'Aenean lectus. Pellentesque eget nunc. Donec quis orci eget orci vehicula condimentum.','384721.58', '2018-12-17', '2022-8-28', '499899326', '928908264', '833994573', '897976743', '192404788');
insert into project (project_id, title,summary, funding_amount, start_date, end_date, executive_id, programm_id, organisation_id, supervisor_id, evaluator_id) values ('186047309', 'Multi-layered actuating budgetary management', 'Cras mi pede, malesuada in, imperdiet et, commodo vulputate, justo. In blandit ultrices enim. Lorem ipsum dolor sit amet, consectetuer adipiscing elit.','766853.44', '2021-09-25', '2025-07-20', '409497924', '833994573', '833994573', '249878147', '520246007');
insert into project (project_id, title,summary, funding_amount, start_date, end_date, executive_id, programm_id, organisation_id, supervisor_id, evaluator_id) values ('189194187', 'User-friendly uniform alliance', 'Morbi porttitor lorem id ligula. Suspendisse ornare consequat lectus. In est risus, auctor sed, tristique in, tempus sit amet, sem.','970881.09', '2020-01-05', '2023-01-17', '105093632', '304463009', '833994573', '184107325', '379501660');
insert into project (project_id, title,summary, funding_amount, start_date, end_date, executive_id, programm_id, organisation_id, supervisor_id, evaluator_id) values ('463991387', 'Visionary fresh-thinking toolset', 'Nulla ut erat id mauris vulputate elementum. Nullam varius. Nulla facilisi.','694515.64', '2019-09-13', '2022-04-13', '415298002', '937648375', '388665112', '147036800', '919977971');
insert into project (project_id, title,summary, funding_amount, start_date, end_date, executive_id, programm_id, organisation_id, supervisor_id, evaluator_id) values ('990497379', 'Integrated even-keeled secured line', 'Curabitur gravida nisi at nibh. In hac habitasse platea dictumst. Aliquam augue quam, sollicitudin vitae, consectetuer eget, rutrum at, lorem.','331322.64', '2022-05-25', '2025-10-28', '105093632', '937648375', '388665112', '419598012', '225221979');
insert into project (project_id, title, summary,funding_amount, start_date, end_date, executive_id, programm_id, organisation_id, supervisor_id, evaluator_id) values ('163321944', 'Future-proofed systemic open architecture','Integer tincidunt ante vel ipsum. Praesent blandit lacinia erat. Vestibulum sed magna at nunc commodo placerat.', '254810.39', '2022-05-23', '2023-08-27', '476755330', '409497924', '560883620', '186012664', '747284850');
insert into project (project_id, title, summary,funding_amount, start_date, end_date, executive_id, programm_id, organisation_id, supervisor_id, evaluator_id) values ('663194226', 'Decentralized system-worthy internet solution', 'In hac habitasse platea dictumst. Morbi vestibulum, velit id pretium iaculis, diam erat fermentum justo, nec condimentum neque sapien placerat ante. Nulla justo.','883252.59', '2021-09-22', '2025-02-03', '476755330', '409497924', '560883620', '122084277', '585099326');
insert into project (project_id, title, summary,funding_amount, start_date, end_date, executive_id, programm_id, organisation_id, supervisor_id, evaluator_id) values ('537588216', 'Focused neutral database','Maecenas leo odio, condimentum id, luctus nec, molestie sed, justo. Pellentesque viverra pede ac diam. Cras pellentesque volutpat dui.', '230479.50', '2021-03-05', '2023-08-04', '154169900', '117457017', '143122232', '460686680', '831684333');
insert into project (project_id, title, summary,funding_amount, start_date, end_date, executive_id, programm_id, organisation_id, supervisor_id, evaluator_id) values ('395801636', 'Fundamental bottom-line productivity', 'Nulla ut erat id mauris vulputate elementum. Nullam varius. Nulla facilisi.','101342.60', '2019-05-09', '2022-07-10', '361228928', '117457017', '143122232', '051632429', '439094449');
insert into project (project_id, title, summary,funding_amount, start_date, end_date, executive_id, programm_id, organisation_id, supervisor_id, evaluator_id) values ('490342872', 'Phased optimal functionalities', 'Duis consequat dui nec nisi volutpat eleifend. Donec ut dolor. Morbi vel lectus in quam fringilla rhoncus.','738910.88', '2019-09-11', '2023-07-19', '361228928', '239616061', '143122232', '316180529', '083651365');
insert into project (project_id, title, summary,funding_amount, start_date, end_date, executive_id, programm_id, organisation_id, supervisor_id, evaluator_id) values ('897246054', 'Stand-alone value-added local area network', 'Curabitur gravida nisi at nibh. In hac habitasse platea dictumst. Aliquam augue quam, sollicitudin vitae, consectetuer eget, rutrum at, lorem.','193178.39', '2019-09-10', '2023-01-06', '476755330', '419039180', '419039180', '328571967', '712084270');
insert into project (project_id, title, summary,funding_amount, start_date, end_date, executive_id, programm_id, organisation_id, supervisor_id, evaluator_id) values ('701641286', 'Implemented 24/7 pricing structure', 'Maecenas leo odio, condimentum id, luctus nec, molestie sed, justo. Pellentesque viverra pede ac diam. Cras pellentesque volutpat dui.','128910.28', '2021-04-18', '2024-11-12', '959957326', '476814151', '639608656', '249624809', '673029013');
insert into project (project_id, title, summary,funding_amount, start_date, end_date, executive_id, programm_id, organisation_id, supervisor_id, evaluator_id) values ('504718546', 'Stand-alone executive portal','Aliquam quis turpis eget elit sodales scelerisque. Mauris sit amet eros. Suspendisse accumsan tortor quis turpis.', '773964.43', '2016-09-25', '2019-09-13', '159439553', '239616061', '639608656', '388477895', '505677682');
insert into project (project_id, title, summary,funding_amount, start_date, end_date, executive_id, programm_id, organisation_id, supervisor_id, evaluator_id) values ('743626806', 'Configurable well-modulated encryption', 'Proin leo odio, porttitor id, consequat in, consequat ut, nulla. Sed accumsan felis. Ut at dolor quis odio consequat varius.','568918.70', '2014-02-10', '2016-01-24', '415298002', '473404698', '544350015', '061225152', '505062157');
insert into project (project_id, title, summary,funding_amount, start_date, end_date, executive_id, programm_id, organisation_id, supervisor_id, evaluator_id) values ('164763297', 'Persevering dedicated Graphic Interface', 'Vestibulum quam sapien, varius ut, blandit non, interdum in, ante. Vestibulum ante ipsum primis in faucibus orci luctus et ultrices posuere cubilia Curae; Duis faucibus accumsan odio. Curabitur convallis.','313296.40', '2014-09-08', '2016-11-06', '690428817', '476814151', '544350015', '959159216', '455370756');
insert into project (project_id, title, summary,funding_amount, start_date, end_date, executive_id, programm_id, organisation_id, supervisor_id, evaluator_id) values ('841091698', 'Multi-layered zero defect emulation','Integer ac leo. Pellentesque ultrices mattis odio. Donec vitae nisi.', '129528.90', '2015-05-06', '2019-01-08', '105093632', '703477150', '926550701', '121212569', '810681010');
insert into project (project_id, title,summary, funding_amount, start_date, end_date, executive_id, programm_id, organisation_id, supervisor_id, evaluator_id) values ('859800395', 'Enhanced context-sensitive throughput','Sed sagittis. Nam congue, risus semper porta volutpat, quam pede lobortis ligula, sit amet eleifend pede libero quis orci. Nullam molestie nibh in lectus.', '708120.58', '2018-09-04', '2021-07-25', '263656976', '675471934', '252671742', '390995371', '092031988');
insert into project (project_id, title, summary,funding_amount, start_date, end_date, executive_id, programm_id, organisation_id, supervisor_id, evaluator_id) values ('845369282', 'Fundamental fault-tolerant support','In hac habitasse platea dictumst. Etiam faucibus cursus urna. Ut tellus.', '818814.99', '2017-09-23', '2020-07-29', '361228928', '327732393', '252671742', '738783895', '352137774');
insert into project (project_id, title, summary,funding_amount, start_date, end_date, executive_id, programm_id, organisation_id, supervisor_id, evaluator_id) values ('961531430', 'Virtual didactic hardware', 'Integer tincidunt ante vel ipsum. Praesent blandit lacinia erat. Vestibulum sed magna at nunc commodo placerat.','102719.07', '2013-10-27', '2015-10-20', '690428817', '304463009', '295754846', '589003051', '222368635');
insert into project (project_id, title, summary,funding_amount, start_date, end_date, executive_id, programm_id, organisation_id, supervisor_id, evaluator_id) values ('435319554', 'Operative composite policy','Pellentesque at nulla. Suspendisse potenti. Cras in purus eu magna vulputate luctus.', '964388.81', '2014-02-08', '2016-10-16', '154169900', '239616061', '295754846', '730166203', '968637913');
insert into project (project_id, title, summary,funding_amount, start_date, end_date, executive_id, programm_id, organisation_id, supervisor_id, evaluator_id) values ('523472455', 'Horizontal grid-enabled time-frame', 'Nam ultrices, libero non mattis pulvinar, nulla pede ullamcorper augue, a suscipit nulla elit ac nulla. Sed vel enim sit amet nunc viverra dapibus. Nulla suscipit ligula in lacus.','406368.62', '2017-07-23', '2021-02-28', '920724750', '432172297', '953971832', '050951300', '487794321');
insert into project (project_id, title,summary, funding_amount, start_date, end_date, executive_id, programm_id, organisation_id, supervisor_id, evaluator_id) values ('675964592', 'Synergized bandwidth-monitored installation','Maecenas tristique, est et tempus semper, est quam pharetra magna, ac consequat metus sapien ut nunc. Vestibulum ante ipsum primis in faucibus orci luctus et ultrices posuere cubilia Curae; Mauris viverra diam vitae quam. Suspendisse potenti.', '478268.02', '2018-01-02', '2020-08-13', '263656976', '577427933', '397913785', '454085711', '838799224');
insert into project (project_id, title, summary,funding_amount, start_date, end_date, executive_id, programm_id, organisation_id, supervisor_id, evaluator_id) values ('329032192', 'Down-sized directional solution', 'Duis consequat dui nec nisi volutpat eleifend. Donec ut dolor. Morbi vel lectus in quam fringilla rhoncus.','689112.98', '2017-12-15', '2021-02-09', '415298002', '653436808', '572884017', '432728398', '625263223');
insert into project (project_id, title,summary, funding_amount, start_date, end_date, executive_id, programm_id, organisation_id, supervisor_id, evaluator_id) values ('485843533', 'Synchronised 3rd generation time-frame', 'Morbi porttitor lorem id ligula. Suspendisse ornare consequat lectus. In est risus, auctor sed, tristique in, tempus sit amet, sem.','826539.19', '2018-07-09', '2019-08-23', '315927408', '774990560', '572884017', '345009029', '816458507');
insert into project (project_id, title, summary,funding_amount, start_date, end_date, executive_id, programm_id, organisation_id, supervisor_id, evaluator_id) values ('005197158', 'Object-based needs-based ability', 'Cras non velit nec nisi vulputate nonummy. Maecenas tincidunt lacus at velit. Vivamus vel nulla eget eros elementum pellentesque.','919986.77', '2017-08-14', '2021-04-17', '499899326', '519513278', '202120499', '710440556', '435017589');
insert into project (project_id, title, summary,funding_amount, start_date, end_date, executive_id, programm_id, organisation_id, supervisor_id, evaluator_id) values ('080670984', 'Extended disintermediate leverage', 'Integer ac leo. Pellentesque ultrices mattis odio. Donec vitae nisi.','810307.93', '2014-01-07', '2017-09-24', '315927408', '856787828', '519824390', '404503093', '146607441');
insert into project (project_id, title, summary,funding_amount, start_date, end_date, executive_id, programm_id, organisation_id, supervisor_id, evaluator_id) values ('380751264', 'Open-source executive synergy', 'Cras non velit nec nisi vulputate nonummy. Maecenas tincidunt lacus at velit. Vivamus vel nulla eget eros elementum pellentesque.','959096.51', '2015-06-04', '2016-12-14', '920724750', '053174876', '141590248', '174726882', '081179348');
insert into project (project_id, title, summary,funding_amount, start_date, end_date, executive_id, programm_id, organisation_id, supervisor_id, evaluator_id) values ('493383891', 'Innovative needs-based hub', 'Etiam vel augue. Vestibulum rutrum rutrum neque. Aenean auctor gravida sem.','414216.33', '2013-05-08', '2016-07-12', '377078047', '932783254', '496176274', '916190187', '551427684');
insert into project (project_id, title,summary, funding_amount, start_date, end_date, executive_id, programm_id, organisation_id, supervisor_id, evaluator_id) values ('525568230', 'Mandatory uniform extranet','Morbi non lectus. Aliquam sit amet diam in magna bibendum imperdiet. Nullam orci pede, venenatis non, sodales sed, tincidunt eu, felis.', '176137.04', '2014-08-04', '2016-05-30', '959957326', '053174876', '861296622', '679174287', '409209263');
insert into project (project_id, title, summary,funding_amount, start_date, end_date, executive_id, programm_id, organisation_id, supervisor_id, evaluator_id) values ('506884360', 'Cloned methodical artificial intelligence','Curabitur in libero ut massa volutpat convallis. Morbi odio odio, elementum eu, interdum eu, tincidunt in, leo. Maecenas pulvinar lobortis est.', '641874.09', '2018-11-28', '2020-11-25', '476755330', '653443264', '600223188', '838732065', '915930371');
insert into project (project_id, title, summary,funding_amount, start_date, end_date, executive_id, programm_id, organisation_id, supervisor_id, evaluator_id) values ('810831290', 'Quality-focused tangible strategy', 'Cras non velit nec nisi vulputate nonummy. Maecenas tincidunt lacus at velit. Vivamus vel nulla eget eros elementum pellentesque.','893215.92', '2013-05-25', '2018-03-10', '377078047', '267152006', '920269356', '838495777', '718979219');
insert into project (project_id, title, summary,funding_amount, start_date, end_date, executive_id, programm_id, organisation_id, supervisor_id, evaluator_id) values ('375160333', 'Upgradable human-resource toolset', 'Mauris enim leo, rhoncus sed, vestibulum sit amet, cursus id, turpis. Integer aliquet, massa id lobortis convallis, tortor risus dapibus augue, vel accumsan tellus nisi eu orci. Mauris lacinia sapien quis libero.','794424.83', '2014-07-24', '2017-02-28', '476755330', '703477150', '527524408', '763514181', '677673498');
insert into project (project_id, title, summary,funding_amount, start_date, end_date, executive_id, programm_id, organisation_id, supervisor_id, evaluator_id) values ('520019213', 'Triple-buffered actuating focus group', 'Nam ultrices, libero non mattis pulvinar, nulla pede ullamcorper augue, a suscipit nulla elit ac nulla. Sed vel enim sit amet nunc viverra dapibus. Nulla suscipit ligula in lacus.','838216.48', '2019-06-24', '2021-10-14', '105093632', '715040008', '732575382', '667281790', '851632096');
insert into project (project_id, title, summary,funding_amount, start_date, end_date, executive_id, programm_id, organisation_id, supervisor_id, evaluator_id) values ('133001414', 'Assimilated optimal utilisation', 'Aliquam quis turpis eget elit sodales scelerisque. Mauris sit amet eros. Suspendisse accumsan tortor quis turpis.','832613.00', '2019-11-02', '2024-07-27', '417374407', '410541765', '819206072', '246984969', '775379205');
insert into project (project_id, title, summary,funding_amount, start_date, end_date, executive_id, programm_id, organisation_id, supervisor_id, evaluator_id) values ('824627027', 'Synergistic homogeneous architecture', 'Quisque porta volutpat erat. Quisque erat eros, viverra eget, congue eget, semper rutrum, nulla. Nunc purus.','110172.51', '2020-01-07', '2023-03-15', '476147609', '501449436', '206946265', '755570385', '636395970');
insert into project (project_id, title, summary,funding_amount, start_date, end_date, executive_id, programm_id, organisation_id, supervisor_id, evaluator_id) values ('949667488', 'How history influences philosophy','Cum sociis natoque penatibus et magnis dis parturient montes, nascetur ridiculus mus. Vivamus vestibulum sagittis sapien. Cum sociis natoque penatibus et magnis dis parturient montes, nascetur ridiculus mus.', '125581.35', '2021-08-12', '2024-05-29', '476147609', '239616061', '206946265', '160820019', '397872368');
insert into project (project_id,title, summary,funding_amount, start_date, end_date, executive_id, programm_id, organisation_id, supervisor_id, evaluator_id) values ('669455963','Virtual systemic implementation	','Cras mi pede, malesuada in, imperdiet et, commodo vulputate, justo. In blandit ultrices enim. Lorem ipsum dolor sit amet, consectetuer adipiscing elit.', '164545.04', '2021-10-28', '2024-06-09', '716462180', '210826994', '206946265', '490991781', '545338866');
insert into project (project_id,title, summary,funding_amount, start_date, end_date, executive_id, programm_id, organisation_id, supervisor_id, evaluator_id) values ('975736343', 'Automated secondary middleware', 'Praesent id massa id nisl venenatis lacinia. Aenean sit amet justo. Morbi ut odio.','403091.49', '2020-01-17', '2023-09-04', '528662296', '501449436', '206946265', '531007465', '768252017');
insert into project (project_id,title, summary,funding_amount, start_date, end_date, executive_id, programm_id, organisation_id, supervisor_id, evaluator_id) values ('371891652','Adaptive interactive attitude', 'Vestibulum quam sapien, varius ut, blandit non, interdum in, ante. Vestibulum ante ipsum primis in faucibus orci luctus et ultrices posuere cubilia Curae; Duis faucibus accumsan odio. Curabitur convallis.','167968.76', '2020-06-18', '2022-07-27', '801138106', '304463009', '206946265', '629154640', '929240844');
insert into project (project_id,title, summary,funding_amount, start_date, end_date, executive_id, programm_id, organisation_id, supervisor_id, evaluator_id) values ('978554154','Stand-alone context-sensitive policy', 'Nullam porttitor lacus at turpis. Donec posuere metus vitae ipsum. Aliquam non mauris.','427768.21', '2020-07-05', '2022-11-15', '361768088', '304463009', '206946265', '658332169', '298931133');
insert into project (project_id,title, summary,funding_amount, start_date, end_date, executive_id, programm_id, organisation_id, supervisor_id, evaluator_id) values ('958451133','Universal radical framework','Cras non velit nec nisi vulputate nonummy. Maecenas tincidunt lacus at velit. Vivamus vel nulla eget eros elementum pellentesque.', '290160.11', '2020-08-09', '2023-07-29', '464852421', '117457017', '206946265', '218889971', '938207904');
insert into project (project_id,title, summary,funding_amount, start_date, end_date, executive_id, programm_id, organisation_id, supervisor_id, evaluator_id) values ('680156639','Synergistic next generation moratorium	', 'In hac habitasse platea dictumst. Etiam faucibus cursus urna. Ut tellus.','358504.81', '2020-04-01', '2022-08-20', '019769819', '703477150', '206946265', '877035656', '607851700');
insert into project (project_id,title, summary,funding_amount, start_date, end_date, executive_id, programm_id, organisation_id, supervisor_id, evaluator_id) values ('285395273','Assimilated composite customer loyalty', 'In hac habitasse platea dictumst. Morbi vestibulum, velit id pretium iaculis, diam erat fermentum justo, nec condimentum neque sapien placerat ante. Nulla justo.','396282.15', '2020-12-13', '2022-11-17', '747904157', '551778495', '206946265', '873356794', '774929490');
insert into project (project_id,title, summary,funding_amount, start_date, end_date, executive_id, programm_id, organisation_id, supervisor_id, evaluator_id) values ('320736608','Switchable background moratorium', 'Duis consequat dui nec nisi volutpat eleifend. Donec ut dolor. Morbi vel lectus in quam fringilla rhoncus.','402375.96', '2020-10-04', '2022-01-01', '801138106', '473404698', '206946265', '139529146', '735875316');
insert into project (project_id,title, summary,funding_amount, start_date, end_date, executive_id, programm_id, organisation_id, supervisor_id, evaluator_id) values ('445914724','Re-engineered multi-tasking throughput', 'Praesent blandit. Nam nulla. Integer pede justo, lacinia eget, tincidunt eget, tempus vel, pede.','171425.74', '2020-01-21', '2023-01-07', '464852421', '551778495', '206946265', '291000753', '774216264');
insert into project (project_id,title, summary,funding_amount, start_date, end_date, executive_id, programm_id, organisation_id, supervisor_id, evaluator_id) values ('581518009','Devolved leading edge implementation	', 'Integer ac leo. Pellentesque ultrices mattis odio. Donec vitae nisi.','269552.57', '2020-11-02	', '2023-04-23', '361768088', '501449436', '206946265', '735616069', '491521106');
insert into project (project_id,title, summary,funding_amount, start_date, end_date, executive_id, programm_id, organisation_id, supervisor_id, evaluator_id) values ('379243655','Business-focused methodical focus group	', 'Fusce consequat. Nulla nisl. Nunc nisl.','360808.22', '2020-04-22', '	2023-11-06', '528662296', '304463009', '206946265', '593322328', '104756766');
insert into project (project_id,title, summary,funding_amount, start_date, end_date, executive_id, programm_id, organisation_id, supervisor_id, evaluator_id) values ('169587318','Cross-platform zero tolerance Graphic Interface', 'Praesent blandit. Nam nulla. Integer pede justo, lacinia eget, tincidunt eget, tempus vel, pede.','449572.33', '2021-10-01', '2023-12-10', '716462180', '117457017', '206946265', '398728038', '360393023');
insert into project (project_id,title, summary,funding_amount, start_date, end_date, executive_id, programm_id, organisation_id, supervisor_id, evaluator_id) values ('859092417','Multi-layered system-worthy success	', 'Aliquam quis turpis eget elit sodales scelerisque. Mauris sit amet eros. Suspendisse accumsan tortor quis turpis.','319973.67', '2020-12-14', '2022-04-23', '747904157', '703477150', '206946265', '989695626', '841406768');
insert into project (project_id,title, summary,funding_amount, start_date, end_date, executive_id, programm_id, organisation_id, supervisor_id, evaluator_id) values ('443873369','Reactive interactive access	', 'Nulla ut erat id mauris vulputate elementum. Nullam varius. Nulla facilisi.','199921.97', '2021-10-25', '2024-12-30', '019769819', '473404698', '206946265', '175958539', '650739882');
insert into project (project_id,title, summary,funding_amount, start_date, end_date, executive_id, programm_id, organisation_id, supervisor_id, evaluator_id) values ('200384602','Persevering tangible interface	', 'Maecenas tristique, est et tempus semper, est quam pharetra magna, ac consequat metus sapien ut nunc. Vestibulum ante ipsum primis in faucibus orci luctus et ultrices posuere cubilia Curae; Mauris viverra diam vitae quam. Suspendisse potenti.','264340.12', '2021-05-11', '2024-04-15', '528662296', '210826994', '206946265', '632777489', '570156358');
insert into project (project_id,title, summary,funding_amount, start_date, end_date, executive_id, programm_id, organisation_id, supervisor_id, evaluator_id) values ('528952247','Function-based disintermediate portal', 'Aliquam quis turpis eget elit sodales scelerisque. Mauris sit amet eros. Suspendisse accumsan tortor quis turpis.','316598.29', '2021-07-13', '2023-04-17', '907521711', '117457017', '206946265', '295007361', '515434223');
insert into project (project_id,title, summary,funding_amount, start_date, end_date, executive_id, programm_id, organisation_id, supervisor_id, evaluator_id) values ('719445125','Re-engineered radical interface	', 'Mauris enim leo, rhoncus sed, vestibulum sit amet, cursus id, turpis. Integer aliquet, massa id lobortis convallis, tortor risus dapibus augue, vel accumsan tellus nisi eu orci. Mauris lacinia sapien quis libero.','332479.21', '2021-09-09	', '2024-06-06', '747904157', '053174876', '206946265', '893234743', '307447057');
insert into project (project_id,title, summary,funding_amount, start_date, end_date, executive_id, programm_id, organisation_id, supervisor_id, evaluator_id) values ('605099760','Cloned reciprocal system engine	', 'Phasellus in felis. Donec semper sapien a libero. Nam dui.','477425.47', '2021-10-17', '2024-11-03', '038396156', '267152006', '206946265', '521569296', '266833550');
insert into project (project_id,title, summary,funding_amount, start_date, end_date, executive_id, programm_id, organisation_id, supervisor_id, evaluator_id) values ('516294687','Universal demand-driven data-warehouse', 'Nullam porttitor lacus at turpis. Donec posuere metus vitae ipsum. Aliquam non mauris.','287376.23', '2021-06-20', '2024-06-07', '439533098', '267152006', '206946265', '964368455', '779428012');
insert into project (project_id,title, summary,funding_amount, start_date, end_date, executive_id, programm_id, organisation_id, supervisor_id, evaluator_id) values ('905191353','Face to face local initiative	', 'Duis bibendum. Morbi non quam nec dui luctus rutrum. Nulla tellus.','291497.43', '2021-07-25	', '2024-11-19', '439533098', '053174876', '206946265', '152495314', '270490259');
insert into project (project_id,title, summary,funding_amount, start_date, end_date, executive_id, programm_id, organisation_id, supervisor_id, evaluator_id) values ('876160091','Polarised logistical projection	', 'Integer tincidunt ante vel ipsum. Praesent blandit lacinia erat. Vestibulum sed magna at nunc commodo placerat.','425051.55', '2021-01-23	', '2023-07-21', '907521711', '467072191', '206946265', '352535495', '776697955');
insert into project (project_id,title, summary,funding_amount, start_date, end_date, executive_id, programm_id, organisation_id, supervisor_id, evaluator_id) values ('889669951','Realigned mobile conglomeration', 'Integer ac leo. Pellentesque ultrices mattis odio. Donec vitae nisi.','230279.05', '2021-07-15', '2023-02-06', '038396156', '501449436', '206946265', '764318012', '593059009');
insert into project (project_id,title, summary,funding_amount, start_date, end_date, executive_id, programm_id, organisation_id, supervisor_id, evaluator_id) values ('932463563','Total executive hardware	', 'In quis justo. Maecenas rhoncus aliquam lacus. Morbi quis tortor id nulla ultrices aliquet.','278977.32', '2017-08-21	', '2019-05-29', '019769819', '467072191', '295754846', '101397384', '828382747');
insert into project (project_id,title, summary,funding_amount, start_date, end_date, executive_id, programm_id, organisation_id, supervisor_id, evaluator_id) values ('836112838','De-engineered grid-enabled service-desk	', 'Aliquam quis turpis eget elit sodales scelerisque. Mauris sit amet eros. Suspendisse accumsan tortor quis turpis.','330976.62', '2017-12-14', '2020-10-05', '528662296', '559499316', '295754846', '332139528', '671378651');
insert into project (project_id,title, summary,funding_amount, start_date, end_date, executive_id, programm_id, organisation_id, supervisor_id, evaluator_id) values ('472081902','Pre-emptive web-enabled archive	', 'Quisque id justo sit amet sapien dignissim vestibulum. Vestibulum ante ipsum primis in faucibus orci luctus et ultrices posuere cubilia Curae; Nulla dapibus dolor vel est. Donec odio justo, sollicitudin ut, suscipit a, feugiat et, eros.','442341.26', '2017-11-09', '2020-10-16', '361768088', '937648375', '295754846', '876367954', '729272640');
insert into project (project_id,title, summary,funding_amount, start_date, end_date, executive_id, programm_id, organisation_id, supervisor_id, evaluator_id) values ('631600025','Right-sized non-volatile artificial intelligence', 'Maecenas leo odio, condimentum id, luctus nec, molestie sed, justo. Pellentesque viverra pede ac diam. Cras pellentesque volutpat dui.','340664.74', '2017-10-16', '2019-02-26', '359562321', '304463009', '295754846', '565536574', '776329212');
insert into project (project_id,title, summary,funding_amount, start_date, end_date, executive_id, programm_id, organisation_id, supervisor_id, evaluator_id) values ('390525830','Cloned local open architecture	', 'In quis justo. Maecenas rhoncus aliquam lacus. Morbi quis tortor id nulla ultrices aliquet.','119962.96', '2017-08-14', '2020-07-26', '464852421', '473404698', '295754846', '888537552', '310087924');
insert into project (project_id,title, summary,funding_amount, start_date, end_date, executive_id, programm_id, organisation_id, supervisor_id, evaluator_id) values ('904644862','Up-sized reciprocal encoding	', 'Donec diam neque, vestibulum eget, vulputate ut, ultrices vel, augue. Vestibulum ante ipsum primis in faucibus orci luctus et ultrices posuere cubilia Curae; Donec pharetra, magna vestibulum aliquet ultrices, erat tortor sollicitudin mi, sit amet lobortis sapien sapien non mi. Integer ac neque.','425564.2', '2017-01-21', '2019-06-23', '361768088', '703477150', '295754846', '728390764', '991153090');
insert into project (project_id,title, summary,funding_amount, start_date, end_date, executive_id, programm_id, organisation_id, supervisor_id, evaluator_id) values ('986123493','Fundamental executive encryption', 'Phasellus sit amet erat. Nulla tempus. Vivamus in felis eu sapien cursus vestibulum.','123455.22', '2017-01-18', '2018-07-27', '367745103', '932783254', '295754846', '770093513', '178021314');
insert into project (project_id,title, summary,funding_amount, start_date, end_date, executive_id, programm_id, organisation_id, supervisor_id, evaluator_id) values ('624924946','Up-sized bottom-line monitoring	', 'In quis justo. Maecenas rhoncus aliquam lacus. Morbi quis tortor id nulla ultrices aliquet.','240849.61', '2017-12-01', '2019-03-12', '801138106', '501449436', '295754846', '274099850', '337909989');
insert into project (project_id,title,summary, funding_amount, start_date, end_date, executive_id, programm_id, organisation_id, supervisor_id, evaluator_id) values ('306490594','Fully-configurable explicit alliance	', 'In hac habitasse platea dictumst. Morbi vestibulum, velit id pretium iaculis, diam erat fermentum justo, nec condimentum neque sapien placerat ante. Nulla justo.','119098.39', '2017-05-10', '2020-12-04', '367745103', '410541765', '295754846', '592366950', '239619147');
insert into project (project_id,title, summary,funding_amount, start_date, end_date, executive_id, programm_id, organisation_id, supervisor_id, evaluator_id) values ('389677313','Proactive dedicated hierarchy	', 'Praesent blandit. Nam nulla. Integer pede justo, lacinia eget, tincidunt eget, tempus vel, pede.','143539.53', '2017-03-21	', '2019-08-15', '907521711', '304463009', '295754846', '272051828', '362419607');
insert into project (project_id,title, summary,funding_amount, start_date, end_date, executive_id, programm_id, organisation_id, supervisor_id, evaluator_id) values ('509106543','Devolved leading edge archive	', 'Quisque id justo sit amet sapien dignissim vestibulum. Vestibulum ante ipsum primis in faucibus orci luctus et ultrices posuere cubilia Curae; Nulla dapibus dolor vel est. Donec odio justo, sollicitudin ut, suscipit a, feugiat et, eros.', '368430.16', '2018-01-01', '2021-01-15', '15943955', '540503344', '295754846', '741419803', '165400386');
insert into project (project_id,title, summary,funding_amount, start_date, end_date, executive_id, programm_id, organisation_id, supervisor_id, evaluator_id) values ('340968184','Upgradable methodical Graphical User Interface', 'Duis aliquam convallis nunc. Proin at turpis a pede posuere nonummy. Integer non velit.','481368.0', '2018-08-31', '2022-11-18', '15943955', '551778495', '295754846', '994097977', '913102212');
insert into project (project_id,title, summary,funding_amount, start_date, end_date, executive_id, programm_id, organisation_id, supervisor_id, evaluator_id) values ('301687817','Upgradable coherent framework	', 'Curabitur gravida nisi at nibh. In hac habitasse platea dictumst. Aliquam augue quam, sollicitudin vitae, consectetuer eget, rutrum at, lorem.','157042.23', '2018-05-24', '2022-03-20', '716462180', '053174876', '295754846', '654257671', '711988645');
insert into project (project_id,title,summary, funding_amount, start_date, end_date, executive_id, programm_id, organisation_id, supervisor_id, evaluator_id) values ('751293887','Diverse reciprocal contingency	', 'Duis bibendum. Morbi non quam nec dui luctus rutrum. Nulla tellus.','694794.71', '2018-08-09', '2020-12-26', '038396156', '473404698', '295754846', '977317480', '379358232');
insert into project (project_id,title, summary,funding_amount, start_date, end_date, executive_id, programm_id, organisation_id, supervisor_id, evaluator_id) values ('962359563','Vision-oriented composite model	', 'Duis bibendum, felis sed interdum venenatis, turpis enim blandit mi, in porttitor pede justo eu massa. Donec dapibus. Duis at velit eu est congue elementum.','125559.79', '2018-10-15', '2021-08-05', '528662296', '703477150', '295754846', '887772303', '917976767');
insert into project (project_id,title, summary,funding_amount, start_date, end_date, executive_id, programm_id, organisation_id, supervisor_id, evaluator_id) values ('515366032','Cross-group grid-enabled middleware	', 'Morbi porttitor lorem id ligula. Suspendisse ornare consequat lectus. In est risus, auctor sed, tristique in, tempus sit amet, sem.','445462.52', '2018-12-19', '2021-08-23', '92072475', '117457017', '295754846', '578174857', '422246008');
insert into project (project_id,title, summary,funding_amount, start_date, end_date, executive_id, programm_id, organisation_id, supervisor_id, evaluator_id) values ('432980698','Multi-layered multi-tasking application	', 'Fusce posuere felis sed lacus. Morbi sem mauris, laoreet ut, rhoncus aliquet, pulvinar sed, nisl. Nunc rhoncus dui vel sem.','216206.33', '2018-06-20', '2020-03-25', '159439553', '267152006', '295754846', '342986280', '929189515');
insert into project (project_id,title, summary,funding_amount, start_date, end_date, executive_id, programm_id, organisation_id, supervisor_id, evaluator_id) values ('343013913','Decentralized 3rd generation portal	', 'Integer ac leo. Pellentesque ultrices mattis odio. Donec vitae nisi.','306429.86', '2018-07-13', '2021-06-22', '359562321', '304463009', '295754846', '905535722', '460780075');
insert into project (project_id,title, summary,funding_amount, start_date, end_date, executive_id, programm_id, organisation_id, supervisor_id, evaluator_id) values ('992101561','Cross-group asynchronous implementation	', 'Fusce posuere felis sed lacus. Morbi sem mauris, laoreet ut, rhoncus aliquet, pulvinar sed, nisl. Nunc rhoncus dui vel sem.','449599.86', '2018-11-20', '2021-05-05', '135922124', '932783254', '295754846', '517248798', '550496006');
insert into project (project_id,title, summary,funding_amount, start_date, end_date, executive_id, programm_id, organisation_id, supervisor_id, evaluator_id) values ('206117077','Ergonomic mission-critical migration	', 'Phasellus sit amet erat. Nulla tempus. Vivamus in felis eu sapien cursus vestibulum.','418768.5', '2018-06-20', '2020-01-02', '367745103', '053174876', '295754846', '948963805', '596038378');
insert into project (project_id,title, summary,funding_amount, start_date, end_date, executive_id, programm_id, organisation_id, supervisor_id, evaluator_id) values ('807820507','Monitored dedicated policy	', 'Suspendisse potenti. In eleifend quam a odio. In hac habitasse platea dictumst.','385316.07', '2016-12-08', '2021-07-11', '464852421', '409497924', '295754846', '371817660', '522679786');
insert into project (project_id,title, summary,funding_amount, start_date, end_date, executive_id, programm_id, organisation_id, supervisor_id, evaluator_id) values ('593437052','Proactive radical Graphical User Interface	', 'In sagittis dui vel nisl. Duis ac nibh. Fusce lacus purus, aliquet at, feugiat non, pretium quis, lectus.','165611.98', '2017-10-20', '2021-05-22', '105093632', '473404698', '238401321', '711505807', '505163668');
insert into project (project_id,title, summary,funding_amount, start_date, end_date, executive_id, programm_id, organisation_id, supervisor_id, evaluator_id) values ('271601033','Visionary responsive contingency	', 'Nullam porttitor lacus at turpis. Donec posuere metus vitae ipsum. Aliquam non mauris.','391371.52', '2019-07-27', '2024-06-06', '359562321', '501449436', '238401321', '127073795', '622611597');
insert into project (project_id,title, summary,funding_amount, start_date, end_date, executive_id, programm_id, organisation_id, supervisor_id, evaluator_id) values ('945301259','Mandatory client-server leverage	', 'Nulla ut erat id mauris vulputate elementum. Nullam varius. Nulla facilisi.','386566.92', '2017-10-23', '2019-04-14', '801138106', '675471934', '238401321', '399661336', '200517931');
insert into project (project_id,title, summary,funding_amount, start_date, end_date, executive_id, programm_id, organisation_id, supervisor_id, evaluator_id) values ('553059235','Adaptive maximized monitoring', 'Maecenas leo odio, condimentum id, luctus nec, molestie sed, justo. Pellentesque viverra pede ac diam. Cras pellentesque volutpat dui.','284205.25', '2014-10-31', '2017-10-21', '019769819', '774990560', '238401321', '214353366', '520798541');
insert into project (project_id,title, summary,funding_amount, start_date, end_date, executive_id, programm_id, organisation_id, supervisor_id, evaluator_id) values ('570521764','De-engineered holistic Graphical User Interface	', 'Curabitur at ipsum ac tellus semper interdum. Mauris ullamcorper purus sit amet nulla. Quisque arcu libero, rutrum ac, lobortis vel, dapibus at, diam.','412564.6', '2020-09-03', '2023-06-09', '105093632', '675471934', '238401321', '841550581', '567170304');
insert into project (project_id,title, summary,funding_amount, start_date, end_date, executive_id, programm_id, organisation_id, supervisor_id, evaluator_id) values ('307849787','Decentralized real-time superstructure	', 'Duis bibendum, felis sed interdum venenatis, turpis enim blandit mi, in porttitor pede justo eu massa. Donec dapibus. Duis at velit eu est congue elementum.','362677.75', '2014-05-24', '2017-12-04', '920724750', '053174876', '238401321', '408319075', '535506022');
insert into project (project_id,title, summary,funding_amount, start_date, end_date, executive_id, programm_id, organisation_id, supervisor_id, evaluator_id) values ('121437181','Synergistic optimal firmware', 'Mauris enim leo, rhoncus sed, vestibulum sit amet, cursus id, turpis. Integer aliquet, massa id lobortis convallis, tortor risus dapibus augue, vel accumsan tellus nisi eu orci. Mauris lacinia sapien quis libero.','291288.5', '2018-10-28', '2020-09-18', '724741964', '409497924', '238401321', '719970293', '544475212');
insert into project (project_id,title, summary,funding_amount, start_date, end_date, executive_id, programm_id, organisation_id, supervisor_id, evaluator_id) values ('570973583','Focused exuding flexibility', 'Nam ultrices, libero non mattis pulvinar, nulla pede ullamcorper augue, a suscipit nulla elit ac nulla. Sed vel enim sit amet nunc viverra dapibus. Nulla suscipit ligula in lacus.','242181.44', '2015-02-01', '2016-04-03', '135922124', '774990560', '238401321', '275668467', '154866879');


insert into scientific_field (field_id, name_sci_field) values ('772337484', 'Physics');
insert into scientific_field (field_id, name_sci_field) values ('324453230', 'Chemistry');
insert into scientific_field (field_id, name_sci_field) values ('662324649', 'Biology');
insert into scientific_field (field_id, name_sci_field) values ('535084169', 'Medicine');
insert into scientific_field (field_id, name_sci_field) values ('961006954', 'Mathematics');
insert into scientific_field (field_id, name_sci_field) values ('737841142', 'Computer Science');
insert into scientific_field (field_id, name_sci_field) values ('518239522', 'Geology');
insert into scientific_field (field_id, name_sci_field) values ('298341189', 'Astrophysics');
insert into scientific_field (field_id, name_sci_field) values ('565472387', 'Engineering');
insert into scientific_field (field_id, name_sci_field) values ('330413887', 'Social Sciences');
insert into scientific_field (field_id, name_sci_field) values ('482514935', 'Technology');
insert into scientific_field (field_id, name_sci_field) values ('237870575', 'Finance');
insert into scientific_field (field_id, name_sci_field) values ('171692343', 'Buisness Administration');
insert into scientific_field (field_id, name_sci_field) values ('908935576', 'Philosophy');
insert into scientific_field (field_id, name_sci_field) values ('002644063', 'History');


insert into project_scientific_field (field_id, project_id) values ('171692343', '824627027');
insert into project_scientific_field (field_id, project_id) values ('002644063', '824627027');
insert into project_scientific_field (field_id, project_id) values ('662324649', '949667488');
insert into project_scientific_field (field_id, project_id) values ('298341189', '373442163');
insert into project_scientific_field (field_id, project_id) values ('324453230', '190865557');
insert into project_scientific_field (field_id, project_id) values ('482514935', '190865557');
insert into project_scientific_field (field_id, project_id) values ('772337484', '622327400');
insert into project_scientific_field (field_id, project_id) values ('518239522', '069323465');
insert into project_scientific_field (field_id, project_id) values ('324453230', '069323465');
insert into project_scientific_field (field_id, project_id) values ('237870575', '069323465');
insert into project_scientific_field (field_id, project_id) values ('961006954', '339166416');
insert into project_scientific_field (field_id, project_id) values ('535084169', '074895570');
insert into project_scientific_field (field_id, project_id) values ('662324649', '074895570');
insert into project_scientific_field (field_id, project_id) values ('662324649', '387378174');
insert into project_scientific_field (field_id, project_id) values ('324453230', '423499560');
insert into project_scientific_field (field_id, project_id) values ('298341189', '423499560');
insert into project_scientific_field (field_id, project_id) values ('298341189', '647752314');
insert into project_scientific_field (field_id, project_id) values ('565472387', '365374502');
insert into project_scientific_field (field_id, project_id) values ('772337484', '365374502');
insert into project_scientific_field (field_id, project_id) values ('298341189', '365374502');
insert into project_scientific_field (field_id, project_id) values ('961006954', '887896018');
insert into project_scientific_field (field_id, project_id) values ('298341189', '887896018');
insert into project_scientific_field (field_id, project_id) values ('737841142', '686138055');
insert into project_scientific_field (field_id, project_id) values ('662324649', '686138055');
insert into project_scientific_field (field_id, project_id) values ('324453230', '996244799');
insert into project_scientific_field (field_id, project_id) values ('662324649', '584554234');
insert into project_scientific_field (field_id, project_id) values ('737841142', '584554234');
insert into project_scientific_field (field_id, project_id) values ('324453230', '114457755');
insert into project_scientific_field (field_id, project_id) values ('518239522', '114457755');
insert into project_scientific_field (field_id, project_id) values ('772337484', '325244483');
insert into project_scientific_field (field_id, project_id) values ('518239522', '813900289');
insert into project_scientific_field (field_id, project_id) values ('171692343', '813900289');
insert into project_scientific_field (field_id, project_id) values ('908935576', '813900289');
insert into project_scientific_field (field_id, project_id) values ('324453230', '190226678');
insert into project_scientific_field (field_id, project_id) values ('298341189', '186047309');
insert into project_scientific_field (field_id, project_id) values ('565472387', '189194187');
insert into project_scientific_field (field_id, project_id) values ('662324649', '463991387');
insert into project_scientific_field (field_id, project_id) values ('737841142', '463991387');
insert into project_scientific_field (field_id, project_id) values ('908935576', '463991387');
insert into project_scientific_field (field_id, project_id) values ('002644063', '463991387');
insert into project_scientific_field (field_id, project_id) values ('535084169', '990497379');
insert into project_scientific_field (field_id, project_id) values ('002644063', '990497379');
insert into project_scientific_field (field_id, project_id) values ('482514935', '990497379');
insert into project_scientific_field (field_id, project_id) values ('171692343', '163321944');
insert into project_scientific_field (field_id, project_id) values ('482514935', '663194226');
insert into project_scientific_field (field_id, project_id) values ('908935576', '537588216');
insert into project_scientific_field (field_id, project_id) values ('662324649', '395801636');
insert into project_scientific_field (field_id, project_id) values ('002644063', '490342872');
insert into project_scientific_field (field_id, project_id) values ('737841142', '897246054');
insert into project_scientific_field (field_id, project_id) values ('908935576', '897246054');
insert into project_scientific_field (field_id, project_id) values ('298341189', '701641286');
insert into project_scientific_field (field_id, project_id) values ('961006954', '701641286');
insert into project_scientific_field (field_id, project_id) values ('662324649', '701641286');
insert into project_scientific_field (field_id, project_id) values ('330413887', '504718546');
insert into project_scientific_field (field_id, project_id) values ('961006954', '743626806');
insert into project_scientific_field (field_id, project_id) values ('298341189', '164763297');
insert into project_scientific_field (field_id, project_id) values ('171692343', '164763297');
insert into project_scientific_field (field_id, project_id) values ('772337484', '841091698');
insert into project_scientific_field (field_id, project_id) values ('662324649', '859800395');
insert into project_scientific_field (field_id, project_id) values ('298341189', '859800395');
insert into project_scientific_field (field_id, project_id) values ('518239522', '845369282');
insert into project_scientific_field (field_id, project_id) values ('324453230', '845369282');
insert into project_scientific_field (field_id, project_id) values ('518239522', '961531430');
insert into project_scientific_field (field_id, project_id) values ('324453230', '435319554');
insert into project_scientific_field (field_id, project_id) values ('737841142', '523472455');
insert into project_scientific_field (field_id, project_id) values ('662324649', '523472455');
insert into project_scientific_field (field_id, project_id) values ('535084169', '675964592');
insert into project_scientific_field (field_id, project_id) values ('237870575', '329032192');
insert into project_scientific_field (field_id, project_id) values ('772337484', '329032192');
insert into project_scientific_field (field_id, project_id) values ('330413887', '485843533');
insert into project_scientific_field (field_id, project_id) values ('737841142', '005197158');
insert into project_scientific_field (field_id, project_id) values ('908935576', '005197158');
insert into project_scientific_field (field_id, project_id) values ('324453230', '080670984');
insert into project_scientific_field (field_id, project_id) values ('737841142', '080670984');
insert into project_scientific_field (field_id, project_id) values ('908935576', '080670984');
insert into project_scientific_field (field_id, project_id) values ('961006954', '380751264');
insert into project_scientific_field (field_id, project_id) values ('662324649', '380751264');
insert into project_scientific_field (field_id, project_id) values ('737841142', '493383891');
insert into project_scientific_field (field_id, project_id) values ('482514935', '525568230');
insert into project_scientific_field (field_id, project_id) values ('171692343', '506884360');
insert into project_scientific_field (field_id, project_id) values ('908935576', '506884360');
insert into project_scientific_field (field_id, project_id) values ('002644063', '506884360');
insert into project_scientific_field (field_id, project_id) values ('662324649', '810831290');
insert into project_scientific_field (field_id, project_id) values ('737841142', '810831290');
insert into project_scientific_field (field_id, project_id) values ('908935576', '375160333');
insert into project_scientific_field (field_id, project_id) values ('237870575', '520019213');
insert into project_scientific_field (field_id, project_id) values ('961006954', '133001414');
insert into project_scientific_field (field_id, project_id) values ('737841142', '133001414');
insert into project_scientific_field (field_id, project_id) values ('662324649', '133001414');
insert into project_scientific_field (field_id, project_id) values ('535084169', '593437052');
insert into project_scientific_field (field_id, project_id) values ('961006954', '271601033');
insert into project_scientific_field (field_id, project_id) values ('171692343', '945301259');
insert into project_scientific_field (field_id, project_id) values ('772337484', '553059235');
insert into project_scientific_field (field_id, project_id) values ('237870575', '570521764');
insert into project_scientific_field (field_id, project_id) values ('662324649', '570521764');
insert into project_scientific_field (field_id, project_id) values ('961006954', '307849787');
insert into project_scientific_field (field_id, project_id) values ('324453230', '121437181');
insert into project_scientific_field (field_id, project_id) values ('237870575', '121437181');
insert into project_scientific_field (field_id, project_id) values ('482514935', '570973583');
insert into project_scientific_field (field_id, project_id) values ('535084169', '932463563');
insert into project_scientific_field (field_id, project_id) values ('737841142', '836112838');
insert into project_scientific_field (field_id, project_id) values ('171692343', '472081902');
insert into project_scientific_field (field_id, project_id) values ('662324649', '631600025');
insert into project_scientific_field (field_id, project_id) values ('772337484', '631600025');
insert into project_scientific_field (field_id, project_id) values ('324453230', '390525830');
insert into project_scientific_field (field_id, project_id) values ('298341189', '904644862');
insert into project_scientific_field (field_id, project_id) values ('330413887', '986123493');
insert into project_scientific_field (field_id, project_id) values ('535084169', '624924946');
insert into project_scientific_field (field_id, project_id) values ('002644063', '306490594');
insert into project_scientific_field (field_id, project_id) values ('961006954', '306490594');
insert into project_scientific_field (field_id, project_id) values ('324453230', '389677313');
insert into project_scientific_field (field_id, project_id) values ('237870575', '509106543');
insert into project_scientific_field (field_id, project_id) values ('908935576', '340968184');
insert into project_scientific_field (field_id, project_id) values ('565472387', '301687817');
insert into project_scientific_field (field_id, project_id) values ('737841142', '751293887');
insert into project_scientific_field (field_id, project_id) values ('535084169', '962359563');
insert into project_scientific_field (field_id, project_id) values ('324453230', '515366032');
insert into project_scientific_field (field_id, project_id) values ('518239522', '432980698');
insert into project_scientific_field (field_id, project_id) values ('772337484', '343013913');
insert into project_scientific_field (field_id, project_id) values ('330413887', '992101561');
insert into project_scientific_field (field_id, project_id) values ('961006954', '206117077');
insert into project_scientific_field (field_id, project_id) values ('662324649', '206117077');
insert into project_scientific_field (field_id, project_id) values ('324453230', '807820507');
insert into project_scientific_field (field_id, project_id) values ('002644063', '807820507');
insert into project_scientific_field (field_id, project_id) values ('482514935', '669455963');
insert into project_scientific_field (field_id, project_id) values ('662324649', '975736343');
insert into project_scientific_field (field_id, project_id) values ('298341189', '975736343');
insert into project_scientific_field (field_id, project_id) values ('298341189', '371891652');
insert into project_scientific_field (field_id, project_id) values ('535084169', '978554154');
insert into project_scientific_field (field_id, project_id) values ('961006954', '958451133');
insert into project_scientific_field (field_id, project_id) values ('482514935', '680156639');
insert into project_scientific_field (field_id, project_id) values ('518239522', '285395273');
insert into project_scientific_field (field_id, project_id) values ('002644063', '320736608');
insert into project_scientific_field (field_id, project_id) values ('908935576', '320736608');
insert into project_scientific_field (field_id, project_id) values ('565472387', '320736608');
insert into project_scientific_field (field_id, project_id) values ('565472387', '445914724');
insert into project_scientific_field (field_id, project_id) values ('908935576', '581518009');
insert into project_scientific_field (field_id, project_id) values ('002644063', '379243655');
insert into project_scientific_field (field_id, project_id) values ('330413887', '169587318');
insert into project_scientific_field (field_id, project_id) values ('535084169', '859092417');
insert into project_scientific_field (field_id, project_id) values ('565472387', '443873369');
insert into project_scientific_field (field_id, project_id) values ('518239522', '200384602');
insert into project_scientific_field (field_id, project_id) values ('324453230', '528952247');
insert into project_scientific_field (field_id, project_id) values ('298341189', '528952247');
insert into project_scientific_field (field_id, project_id) values ('737841142', '719445125');
insert into project_scientific_field (field_id, project_id) values ('171692343', '719445125');
insert into project_scientific_field (field_id, project_id) values ('961006954', '605099760');
insert into project_scientific_field (field_id, project_id) values ('772337484', '516294687');
insert into project_scientific_field (field_id, project_id) values ('662324649', '905191353');
insert into project_scientific_field (field_id, project_id) values ('535084169', '876160091');
insert into project_scientific_field (field_id, project_id) values ('330413887', '876160091');
insert into project_scientific_field (field_id, project_id) values ('908935576', '876160091');
insert into project_scientific_field (field_id, project_id) values ('298341189', '889669951');


insert into deliverable (title, summary, delivery_date, project_id) values ('Project Suggestion', 'Duis bibendum, felis sed interdum venenatis, turpis enim blandit mi, in porttitor pede justo eu massa. Donec dapibus. Duis at velit eu est congue elementum.','2022-11-27', '824627027');
insert into deliverable (title, summary, delivery_date, project_id) values ('Quality Evaluation', 'Duis bibendum. Morbi non quam nec dui luctus rutrum. Nulla tellus.', '2023-09-17', '949667488');
insert into deliverable (title, summary, delivery_date, project_id) values ('Signed Contracts', 'Suspendisse potenti. In eleifend quam a odio. In hac habitasse platea dictumst.', '2021-02-15', '373442163');
insert into deliverable (title, summary, delivery_date, project_id) values ('Project Review', 'Duis bibendum. Morbi non quam nec dui luctus rutrum. Nulla tellus.', '2022-09-09', '190865557');
insert into deliverable (title, summary, delivery_date, project_id) values ('New Equipment', 'Nam ultrices, libero non mattis pulvinar, nulla pede ullamcorper augue, a suscipit nulla elit ac nulla. Sed vel enim sit amet nunc viverra dapibus. Nulla suscipit ligula in lacus.', '2021-12-21', '622327400');
insert into deliverable (title, summary, delivery_date, project_id) values ('Technical Design', 'Nam ultrices, libero non mattis pulvinar, nulla pede ullamcorper augue, a suscipit nulla elit ac nulla. Sed vel enim sit amet nunc viverra dapibus. Nulla suscipit ligula in lacus.', '2021-07-02', '069323465');
insert into deliverable (title, summary, delivery_date, project_id) values ('Progress Report', 'Duis consequat dui nec nisi volutpat eleifend. Donec ut dolor. Morbi vel lectus in quam fringilla rhoncus.', '2025-08-21', '339166416');
insert into deliverable (title, summary, delivery_date, project_id) values ('New Knowledge or Experience', 'Proin eu mi. Nulla ac enim. In tempor, turpis nec euismod scelerisque, quam turpis adipiscing lorem, vitae mattis nibh ligula nec sem.', '2019-03-30', '074895570');
insert into deliverable (title, summary, delivery_date, project_id) values ('Unit Test Report', 'Lorem ipsum dolor sit amet, consectetuer adipiscing elit. Proin risus. Praesent lectus.', '2022-06-23', '387378174');
insert into deliverable (title, summary, delivery_date, project_id) values ('Resource Inventory', 'Morbi porttitor lorem id ligula. Suspendisse ornare consequat lectus. In est risus, auctor sed, tristique in, tempus sit amet, sem.', '2024-06-14', '423499560');
insert into deliverable (title, summary, delivery_date, project_id) values ('Signed Contracts', 'Lorem ipsum dolor sit amet, consectetuer adipiscing elit. Proin risus. Praesent lectus.', '2021-08-03', '647752314');
insert into deliverable (title, summary, delivery_date, project_id) values ('Quality Evaluation', 'Duis bibendum. Morbi non quam nec dui luctus rutrum. Nulla tellus.', '2025-01-02', '365374502');
insert into deliverable (title, summary, delivery_date, project_id) values ('Technical Design', 'Duis aliquam convallis nunc. Proin at turpis a pede posuere nonummy. Integer non velit.', '2021-02-03', '887896018');
insert into deliverable (title, summary, delivery_date, project_id) values ('Project Review', 'Fusce posuere felis sed lacus. Morbi sem mauris, laoreet ut, rhoncus aliquet, pulvinar sed, nisl. Nunc rhoncus dui vel sem.', '2023-04-06', '686138055');
insert into deliverable (title, summary, delivery_date, project_id) values ('Signed Contracts', 'Mauris enim leo, rhoncus sed, vestibulum sit amet, cursus id, turpis. Integer aliquet, massa id lobortis convallis, tortor risus dapibus augue, vel accumsan tellus nisi eu orci. Mauris lacinia sapien quis libero.', '2019-09-05', '996244799');
insert into deliverable (title, summary, delivery_date, project_id) values ('New Equipment', 'Cum sociis natoque penatibus et magnis dis parturient montes, nascetur ridiculus mus. Vivamus vestibulum sagittis sapien. Cum sociis natoque penatibus et magnis dis parturient montes, nascetur ridiculus mus.', '2023-04-06', '584554234');
insert into deliverable (title, summary, delivery_date, project_id) values ('Progress Report', 'Nulla ut erat id mauris vulputate elementum. Nullam varius. Nulla facilisi.', '2022-12-14', '114457755');
insert into deliverable (title, summary, delivery_date, project_id) values ('New Knowledge or Experience', 'Duis aliquam convallis nunc. Proin at turpis a pede posuere nonummy. Integer non velit.', '2021-12-25', '325244483');
insert into deliverable (title, summary, delivery_date, project_id) values ('Technical Design', 'Fusce posuere felis sed lacus. Morbi sem mauris, laoreet ut, rhoncus aliquet, pulvinar sed, nisl. Nunc rhoncus dui vel sem.', '2021-02-03', '813900289');
insert into deliverable (title, summary, delivery_date, project_id) values ('Project Review', 'Proin leo odio, porttitor id, consequat in, consequat ut, nulla. Sed accumsan felis. Ut at dolor quis odio consequat varius.', '2019-01-12', '190226678');
insert into deliverable (title, summary, delivery_date, project_id) values ('Functional Design', 'Suspendisse potenti. In eleifend quam a odio. In hac habitasse platea dictumst.', '2025-04-12', '186047309');
insert into deliverable (title, summary, delivery_date, project_id) values ('Quality Evaluation', 'Nullam porttitor lacus at turpis. Donec posuere metus vitae ipsum. Aliquam non mauris.', '2022-05-09', '189194187');
insert into deliverable (title, summary, delivery_date, project_id) values ('Usability Report', 'Aenean fermentum. Donec ut mauris eget massa tempor convallis. Nulla neque libero, convallis eget, eleifend luctus, ultricies eu, nibh.', '2021-07-28', '463991387');
insert into deliverable (title, summary, delivery_date, project_id) values ('Website', 'Aenean fermentum. Donec ut mauris eget massa tempor convallis. Nulla neque libero, convallis eget, eleifend luctus, ultricies eu, nibh.', '2025-08-21', '990497379');
insert into deliverable (title, summary, delivery_date, project_id) values ('New Equipment', 'Curabitur gravida nisi at nibh. In hac habitasse platea dictumst. Aliquam augue quam, sollicitudin vitae, consectetuer eget, rutrum at, lorem.', '2022-07-09', '163321944');
insert into deliverable (title, summary, delivery_date, project_id) values ('Progress Report', 'Fusce consequat. Nulla nisl. Nunc nisl.', '2024-04-07', '663194226');
insert into deliverable (title, summary, delivery_date, project_id) values ('Technical Design', 'Aliquam quis turpis eget elit sodales scelerisque. Mauris sit amet eros. Suspendisse accumsan tortor quis turpis.', '2022-07-24', '537588216');
insert into deliverable (title, summary, delivery_date, project_id) values ('Website', 'Duis bibendum, felis sed interdum venenatis, turpis enim blandit mi, in porttitor pede justo eu massa. Donec dapibus. Duis at velit eu est congue elementum.', '2020-10-23', '395801636');
insert into deliverable (title, summary, delivery_date, project_id) values ('Unit Test Report', 'Curabitur in libero ut massa volutpat convallis. Morbi odio odio, elementum eu, interdum eu, tincidunt in, leo. Maecenas pulvinar lobortis est.', '2020-01-13', '490342872');
insert into deliverable (title, summary, delivery_date, project_id) values ('Resource Inventory', 'Mauris enim leo, rhoncus sed, vestibulum sit amet, cursus id, turpis. Integer aliquet, massa id lobortis convallis, tortor risus dapibus augue, vel accumsan tellus nisi eu orci. Mauris lacinia sapien quis libero.', '2021-12-25', '897246054');
insert into deliverable (title, summary, delivery_date, project_id) values ('New Knowledge or Experience', 'Pellentesque at nulla. Suspendisse potenti. Cras in purus eu magna vulputate luctus.', '2024-01-03', '701641286');
insert into deliverable (title, summary, delivery_date, project_id) values ('Project Suggestion', 'Maecenas ut massa quis augue luctus tincidunt. Nulla mollis molestie lorem. Quisque ut erat.', '2017-03-22', '504718546');
insert into deliverable (title, summary, delivery_date, project_id) values ('Functional Design', 'Etiam vel augue. Vestibulum rutrum rutrum neque. Aenean auctor gravida sem.', '2015-04-14', '743626806');
insert into deliverable (title, summary, delivery_date, project_id) values ('Website', 'In quis justo. Maecenas rhoncus aliquam lacus. Morbi quis tortor id nulla ultrices aliquet.', '2016-09-05', '164763297');
insert into deliverable (title, summary, delivery_date, project_id) values ('Project Suggestion', 'Vestibulum quam sapien, varius ut, blandit non, interdum in, ante. Vestibulum ante ipsum primis in faucibus orci luctus et ultrices posuere cubilia Curae; Duis faucibus accumsan odio. Curabitur convallis.', '2017-03-31', '841091698');
insert into deliverable (title, summary, delivery_date, project_id) values ('Usability Report', 'Duis aliquam convallis nunc. Proin at turpis a pede posuere nonummy. Integer non velit.', '2020-12-14', '859800395');
insert into deliverable (title, summary, delivery_date, project_id) values ('Signed Contracts', 'Curabitur in libero ut massa volutpat convallis. Morbi odio odio, elementum eu, interdum eu, tincidunt in, leo. Maecenas pulvinar lobortis est.', '2018-06-04', '845369282');
insert into deliverable (title, summary, delivery_date, project_id) values ('Project Review', 'Duis bibendum, felis sed interdum venenatis, turpis enim blandit mi, in porttitor pede justo eu massa. Donec dapibus. Duis at velit eu est congue elementum.', '2015-03-14', '961531430');
insert into deliverable (title, summary, delivery_date, project_id) values ('New Equipment', 'Phasellus in felis. Donec semper sapien a libero. Nam dui.', '2015-10-03', '435319554');
insert into deliverable (title, summary, delivery_date, project_id) values ('Quality Evaluation', 'Maecenas tristique, est et tempus semper, est quam pharetra magna, ac consequat metus sapien ut nunc. Vestibulum ante ipsum primis in faucibus orci luctus et ultrices posuere cubilia Curae; Mauris viverra diam vitae quam. Suspendisse potenti.', '2019-04-14', '523472455');
insert into deliverable (title, summary, delivery_date, project_id) values ('Technical Design', 'Quisque id justo sit amet sapien dignissim vestibulum. Vestibulum ante ipsum primis in faucibus orci luctus et ultrices posuere cubilia Curae; Nulla dapibus dolor vel est. Donec odio justo, sollicitudin ut, suscipit a, feugiat et, eros.', '2020-01-13', '675964592');
insert into deliverable (title, summary, delivery_date, project_id) values ('Usability Report', 'Maecenas tristique, est et tempus semper, est quam pharetra magna, ac consequat metus sapien ut nunc. Vestibulum ante ipsum primis in faucibus orci luctus et ultrices posuere cubilia Curae; Mauris viverra diam vitae quam. Suspendisse potenti.', '2020-08-14', '329032192');
insert into deliverable (title, summary, delivery_date, project_id) values ('New Knowledge or Experience', 'Curabitur at ipsum ac tellus semper interdum. Mauris ullamcorper purus sit amet nulla. Quisque arcu libero, rutrum ac, lobortis vel, dapibus at, diam.', '2019-04-14', '485843533');
insert into deliverable (title, summary, delivery_date, project_id) values ('Progress Report', 'Maecenas ut massa quis augue luctus tincidunt. Nulla mollis molestie lorem. Quisque ut erat.', '2017-11-10', '005197158');
insert into deliverable (title, summary, delivery_date, project_id) values ('Project Review', 'In congue. Etiam justo. Etiam pretium iaculis justo.', '2017-03-31', '080670984');
insert into deliverable (title, summary, delivery_date, project_id) values ('Resource Inventory', 'Aliquam quis turpis eget elit sodales scelerisque. Mauris sit amet eros. Suspendisse accumsan tortor quis turpis.', '2016-03-22', '380751264');
insert into deliverable (title, summary, delivery_date, project_id) values ('Functional Design', 'Aenean fermentum. Donec ut mauris eget massa tempor convallis. Nulla neque libero, convallis eget, eleifend luctus, ultricies eu, nibh.', '2015-04-14', '493383891');
insert into deliverable (title, summary, delivery_date, project_id) values ('Unit Test Report', 'Suspendisse potenti. In eleifend quam a odio. In hac habitasse platea dictumst.', '2015-11-10', '525568230');
insert into deliverable (title, summary, delivery_date, project_id) values ('Project Suggestion', 'In congue. Etiam justo. Etiam pretium iaculis justo.', '2019-09-05', '506884360');
insert into deliverable (title, summary, delivery_date, project_id) values ('New Equipment', 'Etiam vel augue. Vestibulum rutrum rutrum neque. Aenean auctor gravida sem.', '2016-03-31', '810831290');
insert into deliverable (title, summary, delivery_date, project_id) values ('Quality Evaluation', 'Duis aliquam convallis nunc. Proin at turpis a pede posuere nonummy. Integer non velit.', '2016-12-16', '375160333');
insert into deliverable (title, summary, delivery_date, project_id) values ('Signed Contracts', 'Pellentesque at nulla. Suspendisse potenti. Cras in purus eu magna vulputate luctus.', '2021-02-03', '520019213');
insert into deliverable (title, summary, delivery_date, project_id) values ('Project Suggestion', 'Quisque porta volutpat erat. Quisque erat eros, viverra eget, congue eget, semper rutrum, nulla. Nunc purus.', '2025-01-03', '133001414');
insert into deliverable (title, summary, delivery_date, project_id) values ('Secured optimal flexibility', 'In congue. Etiam justo. Etiam pretium iaculis justo.', '2021-01-03', '669455963');
insert into deliverable (title, summary, delivery_date, project_id) values ('Optimized full-range budgetary management', 'Fusce consequat. Nulla nisl. Nunc nisl.', '2021-03-09', '975736343');
insert into deliverable (title, summary, delivery_date, project_id) values ('Public-key clear-thinking installation', 'Praesent id massa id nisl venenatis lacinia. Aenean sit amet justo. Morbi ut odio.', '2020-12-25', '371891652');
insert into deliverable (title, summary, delivery_date, project_id) values ('Expanded multi-state open architecture', 'Duis bibendum, felis sed interdum venenatis, turpis enim blandit mi, in porttitor pede justo eu massa. Donec dapibus. Duis at velit eu est congue elementum.', '2022-01-12', '978554154');
insert into deliverable (title, summary, delivery_date, project_id) values ('Multi-tiered 6th generation architecture', 'Donec diam neque, vestibulum eget, vulputate ut, ultrices vel, augue. Vestibulum ante ipsum primis in faucibus orci luctus et ultrices posuere cubilia Curae.', '2022-06-06', '958451133');
insert into deliverable (title, summary, delivery_date, project_id) values ('Cross-group zero administration capacity', 'In hac habitasse platea dictumst. Etiam faucibus cursus urna. Ut tellus.', '2021-05-15', '680156639');
insert into deliverable (title, summary, delivery_date, project_id) values ('Switchable fresh-thinking customer loyalty', 'Aenean lectus. Pellentesque eget nunc. Donec quis orci eget orci vehicula condimentum.', '2022-02-04', '285395273');
insert into deliverable (title, summary, delivery_date, project_id) values ('Persistent multimedia open system', 'Curabitur in libero ut massa volutpat convallis. Morbi odio odio, elementum eu, interdum eu, tincidunt in, leo. Maecenas pulvinar lobortis est.', '2021-08-12', '320736608');
insert into deliverable (title, summary, delivery_date, project_id) values ('Mandatory context-sensitive system engine', 'Duis bibendum. Morbi non quam nec dui luctus rutrum. Nulla tellus.', '2020-10-22', '445914724');
insert into deliverable (title, summary, delivery_date, project_id) values ('Reverse-engineered disintermediate extranet', 'Integer tincidunt ante vel ipsum. Praesent blandit lacinia erat. Vestibulum sed magna at nunc commodo placerat.', '2022-07-30', '581518009');
insert into deliverable (title, summary, delivery_date, project_id) values ('Operative holistic interface', 'Phasellus in felis. Donec semper sapien a libero. Nam dui.', '2020-11-26', '379243655');
insert into deliverable (title, summary, delivery_date, project_id) values ('Customer-focused system-worthy customer loyalty', 'Aenean fermentum. Donec ut mauris eget massa tempor convallis. Nulla neque libero, convallis eget, eleifend luctus, ultricies eu, nibh.', '2022-03-04', '169587318');
insert into deliverable (title, summary, delivery_date, project_id) values ('Horizontal national orchestration', 'Vestibulum ac est lacinia nisi venenatis tristique. Fusce congue, diam id ornare imperdiet, sapien urna pretium nisl, ut volutpat sapien arcu sed augue. Aliquam erat volutpat.', '2021-11-12', '859092417');
insert into deliverable (title, summary, delivery_date, project_id) values ('Universal radical forecast', 'Quisque porta volutpat erat. Quisque erat eros, viverra eget, congue eget, semper rutrum, nulla. Nunc purus.', '2023-09-02', '443873369');
insert into deliverable (title, summary, delivery_date, project_id) values ('Multi-tiered bottom-line knowledge base', 'Curabitur gravida nisi at nibh. In hac habitasse platea dictumst. Aliquam augue quam, sollicitudin vitae, consectetuer eget, rutrum at, lorem.', '2022-05-27', '200384602');
insert into deliverable (title, summary, delivery_date, project_id) values ('Open-architected bifurcated customer loyalty', 'Suspendisse potenti. In eleifend quam a odio. In hac habitasse platea dictumst.', '2022-12-31', '528952247');
insert into deliverable (title, summary, delivery_date, project_id) values ('Business-focused dynamic archive', 'Vestibulum quam sapien, varius ut, blandit non, interdum in, ante. Vestibulum ante ipsum primis in faucibus orci luctus et ultrices posuere cubilia Curae; Duis faucibus accumsan odio. Curabitur convallis.', '2023-02-10', '605099760');
insert into deliverable (title, summary, delivery_date, project_id) values ('Robust human-resource adapter', 'In congue. Etiam justo. Etiam pretium iaculis justo.', '2023-05-12', '605099760');


insert into evaluator (evaluator_id, project_id, researcher_id, grade, evaluation_date) values ('636395970', '824627027', '057966710', 'B', '2019-10-12');
insert into evaluator (evaluator_id, project_id, researcher_id, grade, evaluation_date) values ('397872368', '949667488', '065529283', 'C', '2018-08-14');
insert into evaluator (evaluator_id, project_id, researcher_id, grade, evaluation_date) values ('793926915', '373442163', '563570876', 'C', '2019-07-20');
insert into evaluator (evaluator_id, project_id, researcher_id, grade, evaluation_date) values ('702838220', '190865557', '778065092', 'A', '2019-10-12');
insert into evaluator (evaluator_id, project_id, researcher_id, grade, evaluation_date) values ('337844894', '622327400', '688163116', 'B', '2020-01-26');
insert into evaluator (evaluator_id, project_id, researcher_id, grade, evaluation_date) values ('430552455', '069323465', '594737844', 'A', '2019-07-30');
insert into evaluator (evaluator_id, project_id, researcher_id, grade, evaluation_date) values ('391855034', '339166416', '141525781', 'B', '2016-10-11');
insert into evaluator (evaluator_id, project_id, researcher_id, grade, evaluation_date) values ('615558970', '074895570', '169038560', 'C', '2017-06-29');
insert into evaluator (evaluator_id, project_id, researcher_id, grade, evaluation_date) values ('485364309', '387378174', '690867456', 'B', '2019-11-16');
insert into evaluator (evaluator_id, project_id, researcher_id, grade, evaluation_date) values ('227380906', '423499560', '364594883', 'C', '2021-11-30');
insert into evaluator (evaluator_id, project_id, researcher_id, grade, evaluation_date) values ('243930999', '647752314', '643848736', 'A', '2021-04-14');
insert into evaluator (evaluator_id, project_id, researcher_id, grade, evaluation_date) values ('393512286', '365374502', '268861413', 'D', '2020-11-04');
insert into evaluator (evaluator_id, project_id, researcher_id, grade, evaluation_date) values ('968277856', '887896018', '147839926', 'A', '2019-08-09');
insert into evaluator (evaluator_id, project_id, researcher_id, grade, evaluation_date) values ('775551990', '686138055', '998303616', 'A', '2021-05-06');
insert into evaluator (evaluator_id, project_id, researcher_id, grade, evaluation_date) values ('534088326', '996244799', '390087783', 'C', '2018-08-24');
insert into evaluator (evaluator_id, project_id, researcher_id, grade, evaluation_date) values ('285051469', '584554234', '730053011', 'D', '2019-07-30');
insert into evaluator (evaluator_id, project_id, researcher_id, grade, evaluation_date) values ('247592497', '114457755', '854983398', 'B', '2021-01-24');
insert into evaluator (evaluator_id, project_id, researcher_id, grade, evaluation_date) values ('537635138', '325244483', '864050189', 'C', '2021-04-14');
insert into evaluator (evaluator_id, project_id, researcher_id, grade, evaluation_date) values ('909788192', '813900289', '405364627', 'B', '2019-03-16');
insert into evaluator (evaluator_id, project_id, researcher_id, grade, evaluation_date) values ('192404788', '190226678', '561939847', 'E', '2017-09-06');
insert into evaluator (evaluator_id, project_id, researcher_id, grade, evaluation_date) values ('520246007', '186047309', '138457175', 'D', '2019-11-09');
insert into evaluator (evaluator_id, project_id, researcher_id, grade, evaluation_date) values ('379501660', '189194187', '296954471', 'A', '2019-08-09');
insert into evaluator (evaluator_id, project_id, researcher_id, grade, evaluation_date) values ('919977971', '463991387', '433381710', 'C', '2018-03-09');
insert into evaluator (evaluator_id, project_id, researcher_id, grade, evaluation_date) values ('225221979', '990497379', '718793181', 'D', '2022-01-29');
insert into evaluator (evaluator_id, project_id, researcher_id, grade, evaluation_date) values ('747284850', '163321944', '975787567', 'B', '2021-12-06');
insert into evaluator (evaluator_id, project_id, researcher_id, grade, evaluation_date) values ('585099326', '663194226', '194793131', 'C', '2020-05-19');
insert into evaluator (evaluator_id, project_id, researcher_id, grade, evaluation_date) values ('831684333', '537588216', '818586606', 'D', '2020-06-23');
insert into evaluator (evaluator_id, project_id, researcher_id, grade, evaluation_date) values ('439094449', '395801636', '080167761', 'A', '2019-02-24');
insert into evaluator (evaluator_id, project_id, researcher_id, grade, evaluation_date) values ('083651365', '490342872', '118962994', 'A', '2019-01-24');
insert into evaluator (evaluator_id, project_id, researcher_id, grade, evaluation_date) values ('712084270', '897246054', '698171463', 'B', '2018-02-19');
insert into evaluator (evaluator_id, project_id, researcher_id, grade, evaluation_date) values ('673029013', '701641286', '873817913', 'C', '2020-05-12');
insert into evaluator (evaluator_id, project_id, researcher_id, grade, evaluation_date) values ('505677682', '504718546', '074135037', 'E', '2015-11-22');
insert into evaluator (evaluator_id, project_id, researcher_id, grade, evaluation_date) values ('505062157', '743626806', '230660276', 'E', '2013-07-13');
insert into evaluator (evaluator_id, project_id, researcher_id, grade, evaluation_date) values ('455370756', '164763297', '637851007', 'C', '2012-06-01');
insert into evaluator (evaluator_id, project_id, researcher_id, grade, evaluation_date) values ('810681010', '841091698', '486930189', 'B', '2014-09-02');
insert into evaluator (evaluator_id, project_id, researcher_id, grade, evaluation_date) values ('092031988', '859800395', '210247488', 'D', '2020-01-09');
insert into evaluator (evaluator_id, project_id, researcher_id, grade, evaluation_date) values ('352137774', '845369282', '636367335', 'A', '2017-07-07');
insert into evaluator (evaluator_id, project_id, researcher_id, grade, evaluation_date) values ('222368635', '961531430', '303332853', 'C', '2011-03-30');
insert into evaluator (evaluator_id, project_id, researcher_id, grade, evaluation_date) values ('968637913', '435319554', '996090933', 'D', '2013-02-08');
insert into evaluator (evaluator_id, project_id, researcher_id, grade, evaluation_date) values ('487794321', '523472455', '409603892', 'E', '2016-06-17');
insert into evaluator (evaluator_id, project_id, researcher_id, grade, evaluation_date) values ('838799224', '675964592', '512836096', 'B', '2017-07-07');
insert into evaluator (evaluator_id, project_id, researcher_id, grade, evaluation_date) values ('625263223', '329032192', '661453789', 'C', '2015-12-11');
insert into evaluator (evaluator_id, project_id, researcher_id, grade, evaluation_date) values ('816458507', '485843533', '280361478', 'B', '2017-09-18');
insert into evaluator (evaluator_id, project_id, researcher_id, grade, evaluation_date) values ('435017589', '005197158', '894759947', 'D', '2017-07-07');
insert into evaluator (evaluator_id, project_id, researcher_id, grade, evaluation_date) values ('146607441', '080670984', '080572940', 'A', '2012-07-19');
insert into evaluator (evaluator_id, project_id, researcher_id, grade, evaluation_date) values ('081179348', '380751264', '160870943', 'C', '2014-10-17');
insert into evaluator (evaluator_id, project_id, researcher_id, grade, evaluation_date) values ('551427684', '493383891', '306981139', 'D', '2011-03-29');
insert into evaluator (evaluator_id, project_id, researcher_id, grade, evaluation_date) values ('409209263', '525568230', '084649999', 'E', '2014-01-17');
insert into evaluator (evaluator_id, project_id, researcher_id, grade, evaluation_date) values ('915930371', '506884360', '600701168', 'B', '2018-05-04');
insert into evaluator (evaluator_id, project_id, researcher_id, grade, evaluation_date) values ('718979219', '810831290', '008930894', 'B', '2012-03-20');
insert into evaluator (evaluator_id, project_id, researcher_id, grade, evaluation_date) values ('677673498', '375160333', '049690114', 'A', '2014-02-25');
insert into evaluator (evaluator_id, project_id, researcher_id, grade, evaluation_date) values ('851632096', '520019213', '587243089', 'E', '2019-02-24');
insert into evaluator (evaluator_id, project_id, researcher_id, grade, evaluation_date) values ('775379205', '133001414', '925573817', 'A', '2018-11-04');
insert into evaluator (evaluator_id, project_id, researcher_id, grade, evaluation_date) values ('828382747', '932463563', '049690114', 'E', '2017-01-20'); 
insert into evaluator (evaluator_id, project_id, researcher_id, grade, evaluation_date) values ('768252017', '975736343', '008930894', 'C', '2013-02-04'); 
insert into evaluator (evaluator_id, project_id, researcher_id, grade, evaluation_date) values ('929240844', '371891652', '546126111', 'B', '2018-01-17');
insert into evaluator (evaluator_id, project_id, researcher_id, grade, evaluation_date) values ('298931133', '978554154', '446077062', 'D', '2016-05-18');
insert into evaluator (evaluator_id, project_id, researcher_id, grade, evaluation_date) values ('938207904', '958451133', '854983398', 'E', '2015-01-29'); 
insert into evaluator (evaluator_id, project_id, researcher_id, grade, evaluation_date) values ('607851700', '680156639', '446077062', 'C', '2016-01-01'); 
insert into evaluator (evaluator_id, project_id, researcher_id, grade, evaluation_date) values ('774929490', '285395273', '141525781', 'A', '2015-03-25'); 
insert into evaluator (evaluator_id, project_id, researcher_id, grade, evaluation_date) values ('735875316', '320736608', '854983398', 'A', '2015-05-04'); 
insert into evaluator (evaluator_id, project_id, researcher_id, grade, evaluation_date) values ('774216264', '445914724', '854983398', 'B', '2020-08-29'); 
insert into evaluator (evaluator_id, project_id, researcher_id, grade, evaluation_date) values ('491521106', '581518009', '854983398', 'B', '2011-11-02	'); 
insert into evaluator (evaluator_id, project_id, researcher_id, grade, evaluation_date) values ('104756766', '379243655', '296954471', 'E', '2014-01-05'); 
insert into evaluator (evaluator_id, project_id, researcher_id, grade, evaluation_date) values ('360393023', '169587318', '296954471', 'E', '2018-02-01'); 
insert into evaluator (evaluator_id, project_id, researcher_id, grade, evaluation_date) values ('841406768', '859092417', '296954471', 'C', '2015-03-21'); 
insert into evaluator (evaluator_id, project_id, researcher_id, grade, evaluation_date) values ('650739882', '443873369', '118962994', 'C', '2013-05-29'); 
insert into evaluator (evaluator_id, project_id, researcher_id, grade, evaluation_date) values ('570156358', '200384602', '141525781', 'E', '2018-02-10'); 
insert into evaluator (evaluator_id, project_id, researcher_id, grade, evaluation_date) values ('515434223', '528952247', '141525781', 'E', '2013-01-06'); 
insert into evaluator (evaluator_id, project_id, researcher_id, grade, evaluation_date) values ('307447057', '719445125', '049690114', 'A', '2013-06-02'); 
insert into evaluator (evaluator_id, project_id, researcher_id, grade, evaluation_date) values ('266833550', '605099760', '118962994', 'A', '2016-10-17'); 
insert into evaluator (evaluator_id, project_id, researcher_id, grade, evaluation_date) values ('779428012', '516294687', '545097884', 'A', '2015-02-20'); 
insert into evaluator (evaluator_id, project_id, researcher_id, grade, evaluation_date) values ('270490259', '905191353', '545097884', 'B', '2015-07-25'); 
insert into evaluator (evaluator_id, project_id, researcher_id, grade, evaluation_date) values ('776697955', '876160091', '545097884', 'B', '2019-10-15'); 
insert into evaluator (evaluator_id, project_id, researcher_id, grade, evaluation_date) values ('593059009', '889669951', '049690114', 'B', '2018-02-18'); 
insert into evaluator (evaluator_id, project_id, researcher_id, grade, evaluation_date) values ('545338866', '669455963', '049690114', 'A', '2013-10-28'); 
insert into evaluator (evaluator_id, project_id, researcher_id, grade, evaluation_date) values ('671378651', '836112838', '016264889', 'E', '2017-11-15'); 
insert into evaluator (evaluator_id, project_id, researcher_id, grade, evaluation_date) values ('729272640', '472081902', '016264889', 'E', '2012-11-09'); 
insert into evaluator (evaluator_id, project_id, researcher_id, grade, evaluation_date) values ('776329212', '631600025', '016264889', 'C', '2017-01-13');
insert into evaluator (evaluator_id, project_id, researcher_id, grade, evaluation_date) values ('310087924', '390525830', '930446363', 'C', '2013-02-14'); 
insert into evaluator (evaluator_id, project_id, researcher_id, grade, evaluation_date) values ('991153090', '904644862', '930446363', 'C', '2013-09-11'); 
insert into evaluator (evaluator_id, project_id, researcher_id, grade, evaluation_date) values ('178021314', '986123493', '306981139', 'D', '2015-11-18'); 
insert into evaluator (evaluator_id, project_id, researcher_id, grade, evaluation_date) values ('337909989', '624924946', '306981139', 'B', '2014-04-25'); 
insert into evaluator (evaluator_id, project_id, researcher_id, grade, evaluation_date) values ('239619147', '306490594', '306981139', 'E', '2017-12-12'); 
insert into evaluator (evaluator_id, project_id, researcher_id, grade, evaluation_date) values ('362419607', '389677313', '306981139', 'B', '2012-10-20'); 
insert into evaluator (evaluator_id, project_id, researcher_id, grade, evaluation_date) values ('165400386', '509106543', '306981139', 'A', '2015-07-30'); 
insert into evaluator (evaluator_id, project_id, researcher_id, grade, evaluation_date) values ('913102212', '340968184', '306981139', 'A', '2016-01-30'); 
insert into evaluator (evaluator_id, project_id, researcher_id, grade, evaluation_date) values ('711988645', '301687817', '278810541', 'B', '2014-09-17'); 
insert into evaluator (evaluator_id, project_id, researcher_id, grade, evaluation_date) values ('379358232', '751293887', '278810541', 'B', '2016-05-11'); 
insert into evaluator (evaluator_id, project_id, researcher_id, grade, evaluation_date) values ('917976767', '962359563', '278810541', 'C', '2017-03-12'); 
insert into evaluator (evaluator_id, project_id, researcher_id, grade, evaluation_date) values ('422246008', '515366032', '278810541', 'A', '2013-02-18'); 
insert into evaluator (evaluator_id, project_id, researcher_id, grade, evaluation_date) values ('929189515', '432980698', '405364627', 'C', '2014-06-20'); 
insert into evaluator (evaluator_id, project_id, researcher_id, grade, evaluation_date) values ('460780075', '343013913', '405364627', 'A', '2015-02-13'); 
insert into evaluator (evaluator_id, project_id, researcher_id, grade, evaluation_date) values ('550496006', '992101561', '405364627', 'E', '2020-03-22'); 
insert into evaluator (evaluator_id, project_id, researcher_id, grade, evaluation_date) values ('596038378', '206117077', '405364627', 'E', '2015-06-10'); 
insert into evaluator (evaluator_id, project_id, researcher_id, grade, evaluation_date) values ('505163668', '593437052', '141525781', 'D', '2017-06-20'); 
insert into evaluator (evaluator_id, project_id, researcher_id, grade, evaluation_date) values ('622611597', '271601033', '141525781', 'B', '2018-07-27'); 
insert into evaluator (evaluator_id, project_id, researcher_id, grade, evaluation_date) values ('522679786', '807820507', '141525781', 'A', '2016-09-09'); 
insert into evaluator (evaluator_id, project_id, researcher_id, grade, evaluation_date) values ('200517931', '945301259', '141525781', 'A', '2016-10-23'); 
insert into evaluator (evaluator_id, project_id, researcher_id, grade, evaluation_date) values ('520798541', '553059235', '141525781', 'C', '2014-02-28'); 
insert into evaluator (evaluator_id, project_id, researcher_id, grade, evaluation_date) values ('567170304', '570521764', '314899477', 'C', '2019-12-03'); 
insert into evaluator (evaluator_id, project_id, researcher_id, grade, evaluation_date) values ('535506022', '307849787', '314899477', 'B', '2013-10-24'); 
insert into evaluator (evaluator_id, project_id, researcher_id, grade, evaluation_date) values ('544475212', '121437181', '533027567', 'D', '2017-10-27'); 
insert into evaluator (evaluator_id, project_id, researcher_id, grade, evaluation_date) values ('154866879', '570973583', '169038560', 'A', '2014-11-07'); 


insert into supervisor (supervisor_id, project_id, researcher_id) values ('246984969', '133001414', '133805130');
insert into supervisor (supervisor_id, project_id, researcher_id) values ('667281790', '520019213', '303332853');
insert into supervisor (supervisor_id, project_id, researcher_id) values ('763514181', '375160333', '409603892');
insert into supervisor (supervisor_id, project_id, researcher_id) values ('838495777', '810831290', '739823791');
insert into supervisor (supervisor_id, project_id, researcher_id) values ('838732065', '506884360', '741248648');
insert into supervisor (supervisor_id, project_id, researcher_id) values ('679174287', '525568230', '160870943');
insert into supervisor (supervisor_id, project_id, researcher_id) values ('916190187', '493383891', '390087783');
insert into supervisor (supervisor_id, project_id, researcher_id) values ('174726882', '380751264', '661453789');
insert into supervisor (supervisor_id, project_id, researcher_id) values ('404503093', '080670984', '838332561');
insert into supervisor (supervisor_id, project_id, researcher_id) values ('710440556', '005197158', '766280501');
insert into supervisor (supervisor_id, project_id, researcher_id) values ('432728398', '329032192', '486930189');
insert into supervisor (supervisor_id, project_id, researcher_id) values ('345009029', '485843533', '894759947');
insert into supervisor (supervisor_id, project_id, researcher_id) values ('454085711', '675964592', '074135037');
insert into supervisor (supervisor_id, project_id, researcher_id) values ('050951300', '523472455', '450481494');
insert into supervisor (supervisor_id, project_id, researcher_id) values ('589003051', '961531430', '189430650');
insert into supervisor (supervisor_id, project_id, researcher_id) values ('730166203', '435319554', '135384181');
insert into supervisor (supervisor_id, project_id, researcher_id) values ('390995371', '859800395', '268861413');
insert into supervisor (supervisor_id, project_id, researcher_id) values ('738783895', '845369282', '517830516');
insert into supervisor (supervisor_id, project_id, researcher_id) values ('061225152', '743626806', '643848736');
insert into supervisor (supervisor_id, project_id, researcher_id) values ('959159216', '164763297', '818586606');
insert into supervisor (supervisor_id, project_id, researcher_id) values ('249624809', '701641286', '688163116');
insert into supervisor (supervisor_id, project_id, researcher_id) values ('388477895', '504718546', '041677570');
insert into supervisor (supervisor_id, project_id, researcher_id) values ('328571967', '897246054', '222844440');
insert into supervisor (supervisor_id, project_id, researcher_id) values ('460686680', '537588216', '018870122');
insert into supervisor (supervisor_id, project_id, researcher_id) values ('051632429', '395801636', '698171463');
insert into supervisor (supervisor_id, project_id, researcher_id) values ('316180529', '490342872', '698171463');
insert into supervisor (supervisor_id, project_id, researcher_id) values ('186012664', '163321944', '573262985');
insert into supervisor (supervisor_id, project_id, researcher_id) values ('122084277', '663194226', '080167761');
insert into supervisor (supervisor_id, project_id, researcher_id) values ('147036800', '463991387', '348221231');
insert into supervisor (supervisor_id, project_id, researcher_id) values ('419598012', '990497379', '141525781');
insert into supervisor (supervisor_id, project_id, researcher_id) values ('897976743', '190226678', '533027567');
insert into supervisor (supervisor_id, project_id, researcher_id) values ('249878147', '186047309', '213157851');
insert into supervisor (supervisor_id, project_id, researcher_id) values ('184107325', '189194187', '533027567');
insert into supervisor (supervisor_id, project_id, researcher_id) values ('792726383', '813900289', '555798729');
insert into supervisor (supervisor_id, project_id, researcher_id) values ('509954277', '114457755', '594737844');
insert into supervisor (supervisor_id, project_id, researcher_id) values ('924609776', '325244483', '446077062');
insert into supervisor (supervisor_id, project_id, researcher_id) values ('580674287', '584554234', '546126111');
insert into supervisor (supervisor_id, project_id, researcher_id) values ('384649870', '686138055', '097561232');
insert into supervisor (supervisor_id, project_id, researcher_id) values ('265980799', '996244799', '563570876');
insert into supervisor (supervisor_id, project_id, researcher_id) values ('945016524', '887896018', '016264889');
insert into supervisor (supervisor_id, project_id, researcher_id) values ('777290070', '423499560', '763693117');
insert into supervisor (supervisor_id, project_id, researcher_id) values ('952347026', '647752314', '147839926');
insert into supervisor (supervisor_id, project_id, researcher_id) values ('611315159', '365374502', '763693117');
insert into supervisor (supervisor_id, project_id, researcher_id) values ('606697031', '074895570', '138457175');
insert into supervisor (supervisor_id, project_id, researcher_id) values ('442243435', '387378174', '296954471');
insert into supervisor (supervisor_id, project_id, researcher_id) values ('761812235', '069323465', '925573817');
insert into supervisor (supervisor_id, project_id, researcher_id) values ('903807365', '339166416', '554660419');
insert into supervisor (supervisor_id, project_id, researcher_id) values ('281230195', '622327400', '314899477');
insert into supervisor (supervisor_id, project_id, researcher_id) values ('201372734', '373442163', '793562788');
insert into supervisor (supervisor_id, project_id, researcher_id) values ('210142086', '190865557', '801864687');
insert into supervisor (supervisor_id, project_id, researcher_id) values ('755570385', '824627027', '955177962');
insert into supervisor (supervisor_id, project_id, researcher_id) values ('160820019', '949667488', '778065092');
insert into supervisor (supervisor_id, project_id, researcher_id) values ('121212569', '841091698', '327961039');
insert into supervisor (supervisor_id, project_id, researcher_id) values ('531007465', '975736343', '955177962'); 
insert into supervisor (supervisor_id, project_id, researcher_id) values ('658332169', '978554154', '955177962');
insert into supervisor (supervisor_id, project_id, researcher_id) values ('629154640', '371891652', '955177962');
insert into supervisor (supervisor_id, project_id, researcher_id) values ('218889971', '958451133', '778065092');
insert into supervisor (supervisor_id, project_id, researcher_id) values ('877035656', '680156639', '778065092'); 
insert into supervisor (supervisor_id, project_id, researcher_id) values ('873356794', '285395273', '600701168'); 
insert into supervisor (supervisor_id, project_id, researcher_id) values ('139529146', '320736608', '600701168'); 
insert into supervisor (supervisor_id, project_id, researcher_id) values ('291000753', '445914724', '600701168'); 
insert into supervisor (supervisor_id, project_id, researcher_id) values ('735616069', '581518009', '778065092'); 
insert into supervisor (supervisor_id, project_id, researcher_id) values ('593322328', '379243655', '955177962');
insert into supervisor (supervisor_id, project_id, researcher_id) values ('398728038', '169587318', '955177962'); 
insert into supervisor (supervisor_id, project_id, researcher_id) values ('989695626', '859092417', '955177962'); 
insert into supervisor (supervisor_id, project_id, researcher_id) values ('175958539', '443873369', '778065092'); 
insert into supervisor (supervisor_id, project_id, researcher_id) values ('632777489', '200384602', '955177962'); 
insert into supervisor (supervisor_id, project_id, researcher_id) values ('295007361', '528952247', '955177962'); 
insert into supervisor (supervisor_id, project_id, researcher_id) values ('893234743', '719445125', '778065092'); 
insert into supervisor (supervisor_id, project_id, researcher_id) values ('521569296', '605099760', '955177962'); 
insert into supervisor (supervisor_id, project_id, researcher_id) values ('964368455', '516294687', '955177962'); 
insert into supervisor (supervisor_id, project_id, researcher_id) values ('152495314', '905191353', '955177962'); 
insert into supervisor (supervisor_id, project_id, researcher_id) values ('352535495', '876160091', '600701168'); 
insert into supervisor (supervisor_id, project_id, researcher_id) values ('764318012', '889669951', '600701168'); 
insert into supervisor (supervisor_id, project_id, researcher_id) values ('490991781', '669455963', '778065092'); 
insert into supervisor (supervisor_id, project_id, researcher_id) values ('101397384', '932463563', '189430650'); 
insert into supervisor (supervisor_id, project_id, researcher_id) values ('332139528', '836112838', '454129826'); 
insert into supervisor (supervisor_id, project_id, researcher_id) values ('876367954', '472081902', '189430650'); 
insert into supervisor (supervisor_id, project_id, researcher_id) values ('565536574', '631600025', '300513971'); 
insert into supervisor (supervisor_id, project_id, researcher_id) values ('888537552', '390525830', '135384181');
insert into supervisor (supervisor_id, project_id, researcher_id) values ('728390764', '904644862', '135384181'); 
insert into supervisor (supervisor_id, project_id, researcher_id) values ('770093513', '986123493', '454129826'); 
insert into supervisor (supervisor_id, project_id, researcher_id) values ('274099850', '624924946', '454129826'); 
insert into supervisor (supervisor_id, project_id, researcher_id) values ('592366950', '306490594', '454129826'); 
insert into supervisor (supervisor_id, project_id, researcher_id) values ('272051828', '389677313', '454129826'); 
insert into supervisor (supervisor_id, project_id, researcher_id) values ('741419803', '509106543', '454129826'); 
insert into supervisor (supervisor_id, project_id, researcher_id) values ('994097977', '340968184', '454129826'); 
insert into supervisor (supervisor_id, project_id, researcher_id) values ('977317480', '751293887', '135384181'); 
insert into supervisor (supervisor_id, project_id, researcher_id) values ('654257671', '301687817', '300513971'); 
insert into supervisor (supervisor_id, project_id, researcher_id) values ('887772303', '962359563', '135384181'); 
insert into supervisor (supervisor_id, project_id, researcher_id) values ('578174857', '515366032', '454129826'); 
insert into supervisor (supervisor_id, project_id, researcher_id) values ('342986280', '432980698', '454129826'); 
insert into supervisor (supervisor_id, project_id, researcher_id) values ('905535722', '343013913', '189430650'); 
insert into supervisor (supervisor_id, project_id, researcher_id) values ('517248798', '992101561', '300513971'); 
insert into supervisor (supervisor_id, project_id, researcher_id) values ('948963805', '206117077', '454129826'); 
insert into supervisor (supervisor_id, project_id, researcher_id) values ('711505807', '593437052', '563570876'); 
insert into supervisor (supervisor_id, project_id, researcher_id) values ('127073795', '271601033', '563570876'); 
insert into supervisor (supervisor_id, project_id, researcher_id) values ('371817660', '807820507', '300513971'); 
insert into supervisor (supervisor_id, project_id, researcher_id) values ('399661336', '945301259', '563570876'); 
insert into supervisor (supervisor_id, project_id, researcher_id) values ('214353366', '553059235', '563570876'); 
insert into supervisor (supervisor_id, project_id, researcher_id) values ('841550581', '570521764', '563570876'); 
insert into supervisor (supervisor_id, project_id, researcher_id) values ('408319075', '307849787', '854983398'); 
insert into supervisor (supervisor_id, project_id, researcher_id) values ('719970293', '121437181', '854983398'); 
insert into supervisor (supervisor_id, project_id, researcher_id) values ('275668467', '570973583', '854983398'); 


insert into researcher_in_project (project_id, researcher_id) values ('824627027', '778065092');
insert into researcher_in_project (project_id, researcher_id) values ('824627027', '955177962');
insert into researcher_in_project (project_id, researcher_id) values ('824627027', '600701168');
insert into researcher_in_project (project_id, researcher_id) values ('949667488', '778065092');
insert into researcher_in_project (project_id, researcher_id) values ('949667488', '955177962');
insert into researcher_in_project (project_id, researcher_id) values ('949667488', '600701168');
insert into researcher_in_project (project_id, researcher_id) values ('133001414', '133805130');
insert into researcher_in_project (project_id, researcher_id) values ('133001414', '145790125');
insert into researcher_in_project (project_id, researcher_id) values ('133001414', '561939847');
insert into researcher_in_project (project_id, researcher_id) values ('520019213', '303332853');
insert into researcher_in_project (project_id, researcher_id) values ('520019213', '405364627');
insert into researcher_in_project (project_id, researcher_id) values ('520019213', '609457806');
insert into researcher_in_project (project_id, researcher_id) values ('375160333', '409603892');
insert into researcher_in_project (project_id, researcher_id) values ('375160333', '472634315');
insert into researcher_in_project (project_id, researcher_id) values ('375160333', '652737588');
insert into researcher_in_project (project_id, researcher_id) values ('375160333', '718793181');
insert into researcher_in_project (project_id, researcher_id) values ('810831290', '739823791');
insert into researcher_in_project (project_id, researcher_id) values ('810831290', '532273283');
insert into researcher_in_project (project_id, researcher_id) values ('810831290', '084649999');
insert into researcher_in_project (project_id, researcher_id) values ('810831290', '198059058');
insert into researcher_in_project (project_id, researcher_id) values ('506884360', '741248648');
insert into researcher_in_project (project_id, researcher_id) values ('506884360', '035003837');
insert into researcher_in_project (project_id, researcher_id) values ('506884360', '587243089');
insert into researcher_in_project (project_id, researcher_id) values ('506884360', '862790044');
insert into researcher_in_project (project_id, researcher_id) values ('506884360', '783723015');
insert into researcher_in_project (project_id, researcher_id) values ('525568230', '382706928');
insert into researcher_in_project (project_id, researcher_id) values ('525568230', '160870943');
insert into researcher_in_project (project_id, researcher_id) values ('525568230', '996090933');
insert into researcher_in_project (project_id, researcher_id) values ('525568230', '065518215');
insert into researcher_in_project (project_id, researcher_id) values ('493383891', '248220987');
insert into researcher_in_project (project_id, researcher_id) values ('493383891', '390087783');
insert into researcher_in_project (project_id, researcher_id) values ('493383891', '056493635');
insert into researcher_in_project (project_id, researcher_id) values ('493383891', '052718300');
insert into researcher_in_project (project_id, researcher_id) values ('493383891', '873817913');
insert into researcher_in_project (project_id, researcher_id) values ('380751264', '998303616');
insert into researcher_in_project (project_id, researcher_id) values ('380751264', '552137896');
insert into researcher_in_project (project_id, researcher_id) values ('380751264', '730053011');
insert into researcher_in_project (project_id, researcher_id) values ('380751264', '661453789');
insert into researcher_in_project (project_id, researcher_id) values ('380751264', '280361478');
insert into researcher_in_project (project_id, researcher_id) values ('080670984', '306981139');
insert into researcher_in_project (project_id, researcher_id) values ('080670984', '838332561');
insert into researcher_in_project (project_id, researcher_id) values ('080670984', '653724854');
insert into researcher_in_project (project_id, researcher_id) values ('080670984', '027803876');
insert into researcher_in_project (project_id, researcher_id) values ('005197158', '479865731');
insert into researcher_in_project (project_id, researcher_id) values ('005197158', '766280501');
insert into researcher_in_project (project_id, researcher_id) values ('005197158', '278810541');
insert into researcher_in_project (project_id, researcher_id) values ('329032192', '486930189');
insert into researcher_in_project (project_id, researcher_id) values ('329032192', '080572940');
insert into researcher_in_project (project_id, researcher_id) values ('485843533', '486930189');
insert into researcher_in_project (project_id, researcher_id) values ('485843533', '894759947');
insert into researcher_in_project (project_id, researcher_id) values ('485843533', '080572940');
insert into researcher_in_project (project_id, researcher_id) values ('675964592', '935547905');
insert into researcher_in_project (project_id, researcher_id) values ('675964592', '074135037');
insert into researcher_in_project (project_id, researcher_id) values ('675964592', '230660276');
insert into researcher_in_project (project_id, researcher_id) values ('523472455', '450481494');
insert into researcher_in_project (project_id, researcher_id) values ('523472455', '031830512');
insert into researcher_in_project (project_id, researcher_id) values ('523472455', '433381710');
insert into researcher_in_project (project_id, researcher_id) values ('523472455', '512836096');
insert into researcher_in_project (project_id, researcher_id) values ('859800395', '268861413');
insert into researcher_in_project (project_id, researcher_id) values ('859800395', '517830516');
insert into researcher_in_project (project_id, researcher_id) values ('859800395', '735194997');
insert into researcher_in_project (project_id, researcher_id) values ('845369282', '268861413');
insert into researcher_in_project (project_id, researcher_id) values ('845369282', '517830516');
insert into researcher_in_project (project_id, researcher_id) values ('845369282', '735194997');
insert into researcher_in_project (project_id, researcher_id) values ('841091698', '636367335');
insert into researcher_in_project (project_id, researcher_id) values ('841091698', '327961039');
insert into researcher_in_project (project_id, researcher_id) values ('841091698', '210247488');
insert into researcher_in_project (project_id, researcher_id) values ('743626806', '818586606');
insert into researcher_in_project (project_id, researcher_id) values ('743626806', '379552009');
insert into researcher_in_project (project_id, researcher_id) values ('743626806', '643848736');
insert into researcher_in_project (project_id, researcher_id) values ('164763297', '818586606');
insert into researcher_in_project (project_id, researcher_id) values ('164763297', '379552009');
insert into researcher_in_project (project_id, researcher_id) values ('701641286', '578890734');
insert into researcher_in_project (project_id, researcher_id) values ('701641286', '688163116');
insert into researcher_in_project (project_id, researcher_id) values ('701641286', '041677570');
insert into researcher_in_project (project_id, researcher_id) values ('701641286', '637851007');
insert into researcher_in_project (project_id, researcher_id) values ('504718546', '578890734');
insert into researcher_in_project (project_id, researcher_id) values ('504718546', '688163116');
insert into researcher_in_project (project_id, researcher_id) values ('504718546', '041677570');
insert into researcher_in_project (project_id, researcher_id) values ('897246054', '424621736');
insert into researcher_in_project (project_id, researcher_id) values ('897246054', '222844440');
insert into researcher_in_project (project_id, researcher_id) values ('897246054', '065529283');
insert into researcher_in_project (project_id, researcher_id) values ('395801636', '698171463');
insert into researcher_in_project (project_id, researcher_id) values ('395801636', '018870122');
insert into researcher_in_project (project_id, researcher_id) values ('395801636', '930446363');
insert into researcher_in_project (project_id, researcher_id) values ('395801636', '516446523');
insert into researcher_in_project (project_id, researcher_id) values ('163321944', '573262985');
insert into researcher_in_project (project_id, researcher_id) values ('163321944', '080167761');
insert into researcher_in_project (project_id, researcher_id) values ('163321944', '690867456');
insert into researcher_in_project (project_id, researcher_id) values ('663194226', '573262985');
insert into researcher_in_project (project_id, researcher_id) values ('663194226', '080167761');
insert into researcher_in_project (project_id, researcher_id) values ('463991387', '194793131');
insert into researcher_in_project (project_id, researcher_id) values ('463991387', '348221231');
insert into researcher_in_project (project_id, researcher_id) values ('463991387', '141525781');
insert into researcher_in_project (project_id, researcher_id) values ('990497379', '194793131');
insert into researcher_in_project (project_id, researcher_id) values ('990497379', '348221231');
insert into researcher_in_project (project_id, researcher_id) values ('990497379', '141525781');
insert into researcher_in_project (project_id, researcher_id) values ('186047309', '364594883');
insert into researcher_in_project (project_id, researcher_id) values ('186047309', '213157851');
insert into researcher_in_project (project_id, researcher_id) values ('186047309', '533027567');
insert into researcher_in_project (project_id, researcher_id) values ('186047309', '975787567');
insert into researcher_in_project (project_id, researcher_id) values ('813900289', '555798729');
insert into researcher_in_project (project_id, researcher_id) values ('813900289', '545097884');
insert into researcher_in_project (project_id, researcher_id) values ('813900289', '925568346');
insert into researcher_in_project (project_id, researcher_id) values ('813900289', '057966710');
insert into researcher_in_project (project_id, researcher_id) values ('114457755', '594737844');
insert into researcher_in_project (project_id, researcher_id) values ('114457755', '446077062');
insert into researcher_in_project (project_id, researcher_id) values ('325244483', '594737844');
insert into researcher_in_project (project_id, researcher_id) values ('325244483', '446077062');
insert into researcher_in_project (project_id, researcher_id) values ('584554234', '546126111');
insert into researcher_in_project (project_id, researcher_id) values ('584554234', '049690114');
insert into researcher_in_project (project_id, researcher_id) values ('584554234', '118962994');
insert into researcher_in_project (project_id, researcher_id) values ('996244799', '097561232');
insert into researcher_in_project (project_id, researcher_id) values ('996244799', '563570876');
insert into researcher_in_project (project_id, researcher_id) values ('996244799', '854983398');
insert into researcher_in_project (project_id, researcher_id) values ('996244799', '864050189');
insert into researcher_in_project (project_id, researcher_id) values ('887896018', '016264889');
insert into researcher_in_project (project_id, researcher_id) values ('887896018', '779580731');
insert into researcher_in_project (project_id, researcher_id) values ('887896018', '037698908');
insert into researcher_in_project (project_id, researcher_id) values ('423499560', '147839926');
insert into researcher_in_project (project_id, researcher_id) values ('423499560', '763693117');
insert into researcher_in_project (project_id, researcher_id) values ('423499560', '654943358');
insert into researcher_in_project (project_id, researcher_id) values ('647752314', '147839926');
insert into researcher_in_project (project_id, researcher_id) values ('647752314', '763693117');
insert into researcher_in_project (project_id, researcher_id) values ('365374502', '147839926');
insert into researcher_in_project (project_id, researcher_id) values ('365374502', '763693117');
insert into researcher_in_project (project_id, researcher_id) values ('365374502', '654943358');
insert into researcher_in_project (project_id, researcher_id) values ('074895570', '138457175');
insert into researcher_in_project (project_id, researcher_id) values ('074895570', '296954471');
insert into researcher_in_project (project_id, researcher_id) values ('387378174', '138457175');
insert into researcher_in_project (project_id, researcher_id) values ('387378174', '296954471');
insert into researcher_in_project (project_id, researcher_id) values ('069323465', '925573817');
insert into researcher_in_project (project_id, researcher_id) values ('069323465', '646856195');
insert into researcher_in_project (project_id, researcher_id) values ('069323465', '554660419');
insert into researcher_in_project (project_id, researcher_id) values ('339166416', '925573817');
insert into researcher_in_project (project_id, researcher_id) values ('339166416', '646856195');
insert into researcher_in_project (project_id, researcher_id) values ('339166416', '554660419');
insert into researcher_in_project (project_id, researcher_id) values ('622327400', '169038560');
insert into researcher_in_project (project_id, researcher_id) values ('622327400', '008930894');
insert into researcher_in_project (project_id, researcher_id) values ('622327400', '314899477');
insert into researcher_in_project (project_id, researcher_id) values ('373442163', '532783345');
insert into researcher_in_project (project_id, researcher_id) values ('373442163', '793562788');
insert into researcher_in_project (project_id, researcher_id) values ('373442163', '801864687');
insert into researcher_in_project (project_id, researcher_id) values ('190865557', '532783345');
insert into researcher_in_project (project_id, researcher_id) values ('190865557', '793562788');
insert into researcher_in_project (project_id, researcher_id) values ('190865557', '801864687');

insert into researcher_in_project (researcher_id, project_id) values ('778065092' , '975736343');
insert into researcher_in_project (researcher_id, project_id) values ('955177962' , '975736343');
insert into researcher_in_project (researcher_id, project_id) values ('600701168' , '975736343');
insert into researcher_in_project (researcher_id, project_id) values ('778065092' , '371891652');
insert into researcher_in_project (researcher_id, project_id) values ('955177962' , '371891652');
insert into researcher_in_project (researcher_id, project_id) values ('955177962' , '978554154');
insert into researcher_in_project (researcher_id, project_id) values ('778065092' , '978554154');
insert into researcher_in_project (researcher_id, project_id) values ('600701168' , '978554154');
insert into researcher_in_project (researcher_id, project_id) values ('955177962' , '958451133');
insert into researcher_in_project (researcher_id, project_id) values ('778065092' , '958451133');
insert into researcher_in_project (researcher_id, project_id) values ('600701168' , '958451133');
insert into researcher_in_project (researcher_id, project_id) values ('955177962' , '680156639');
insert into researcher_in_project (researcher_id, project_id) values ('778065092' , '680156639');
insert into researcher_in_project (researcher_id, project_id) values ('778065092' , '285395273');
insert into researcher_in_project (researcher_id, project_id) values ('600701168' , '285395273');
insert into researcher_in_project (researcher_id, project_id) values ('955177962' , '285395273');
insert into researcher_in_project (researcher_id, project_id) values ('600701168' , '320736608');
insert into researcher_in_project (researcher_id, project_id) values ('955177962' , '320736608');
insert into researcher_in_project (researcher_id, project_id) values ('778065092' , '320736608');
insert into researcher_in_project (researcher_id, project_id) values ('955177962' , '445914724');
insert into researcher_in_project (researcher_id, project_id) values ('600701168' , '445914724');
insert into researcher_in_project (researcher_id, project_id) values ('778065092' , '581518009');
insert into researcher_in_project (researcher_id, project_id) values ('600701168' , '581518009');
insert into researcher_in_project (researcher_id, project_id) values ('955177962' , '379243655');
insert into researcher_in_project (researcher_id, project_id) values ('600701168' , '379243655');
insert into researcher_in_project (researcher_id, project_id) values ('600701168' , '169587318');
insert into researcher_in_project (researcher_id, project_id) values ('778065092' , '169587318');
insert into researcher_in_project (researcher_id, project_id) values ('955177962' , '169587318');
insert into researcher_in_project (researcher_id, project_id) values ('600701168' , '859092417');
insert into researcher_in_project (researcher_id, project_id) values ('955177962' , '859092417');
insert into researcher_in_project (researcher_id, project_id) values ('600701168' , '443873369');
insert into researcher_in_project (researcher_id, project_id) values ('778065092' , '443873369');
insert into researcher_in_project (researcher_id, project_id) values ('600701168' , '200384602');
insert into researcher_in_project (researcher_id, project_id) values ('955177962' , '200384602');
insert into researcher_in_project (researcher_id, project_id) values ('600701168' , '528952247');
insert into researcher_in_project (researcher_id, project_id) values ('955177962' , '528952247');
insert into researcher_in_project (researcher_id, project_id) values ('600701168' , '719445125');
insert into researcher_in_project (researcher_id, project_id) values ('778065092' , '719445125');
insert into researcher_in_project (researcher_id, project_id) values ('600701168' , '605099760');
insert into researcher_in_project (researcher_id, project_id) values ('955177962' , '605099760');
insert into researcher_in_project (researcher_id, project_id) values ('563570876' , '686138055');
insert into researcher_in_project (researcher_id, project_id) values ('854983398' , '686138055');
insert into researcher_in_project (researcher_id, project_id) values ('563570876' , '593437052');
insert into researcher_in_project (researcher_id, project_id) values ('864050189' , '593437052');
insert into researcher_in_project (researcher_id, project_id) values ('563570876' , '271601033');
insert into researcher_in_project (researcher_id, project_id) values ('854983398' , '271601033');
insert into researcher_in_project (researcher_id, project_id) values ('864050189' , '271601033');
insert into researcher_in_project (researcher_id, project_id) values ('563570876' , '945301259');
insert into researcher_in_project (researcher_id, project_id) values ('854983398' , '945301259');
insert into researcher_in_project (researcher_id, project_id) values ('864050189' , '945301259');
insert into researcher_in_project (researcher_id, project_id) values ('097561232' , '945301259');
insert into researcher_in_project (researcher_id, project_id) values ('135384181' , '807820507');
insert into researcher_in_project (researcher_id, project_id) values ('189430650' , '807820507');
insert into researcher_in_project (researcher_id, project_id) values ('300513971' , '807820507');
insert into researcher_in_project (researcher_id, project_id) values ('563570876' , '553059235');
insert into researcher_in_project (researcher_id, project_id) values ('097561232' , '553059235');
insert into researcher_in_project (researcher_id, project_id) values ('854983398' , '553059235');
insert into researcher_in_project (researcher_id, project_id) values ('563570876' , '570521764');
insert into researcher_in_project (researcher_id, project_id) values ('854983398' , '570521764');
insert into researcher_in_project (researcher_id, project_id) values ('864050189' , '570521764');
insert into researcher_in_project (researcher_id, project_id) values ('097561232' , '570521764');
insert into researcher_in_project (researcher_id, project_id) values ('097561232' , '307849787');
insert into researcher_in_project (researcher_id, project_id) values ('854983398' , '307849787');
insert into researcher_in_project (researcher_id, project_id) values ('864050189' , '307849787');
insert into researcher_in_project (researcher_id, project_id) values ('563570876' , '307849787');
insert into researcher_in_project (researcher_id, project_id) values ('563570876' , '121437181');
insert into researcher_in_project (researcher_id, project_id) values ('864050189' , '121437181');
insert into researcher_in_project (researcher_id, project_id) values ('854983398' , '121437181');
insert into researcher_in_project (researcher_id, project_id) values ('097561232' , '121437181');
insert into researcher_in_project (researcher_id, project_id) values ('563570876' , '570973583');
insert into researcher_in_project (researcher_id, project_id) values ('097561232' , '570973583');  
insert into researcher_in_project (researcher_id, project_id) values ('854983398' , '570973583');
insert into researcher_in_project (researcher_id, project_id) values ('533027567' , '190226678'); 
insert into researcher_in_project (researcher_id, project_id) values ('213157851' , '190226678');
insert into researcher_in_project (researcher_id, project_id) values ('364594883' , '190226678');
insert into researcher_in_project (researcher_id, project_id) values ('364594883' , '189194187');
insert into researcher_in_project (researcher_id, project_id) values ('213157851' , '189194187');
insert into researcher_in_project (researcher_id, project_id) values ('533027567' , '189194187');
insert into researcher_in_project (researcher_id, project_id) values ('975787567' , '189194187');
insert into researcher_in_project (researcher_id, project_id) values ('778065092' , '516294687');
insert into researcher_in_project (researcher_id, project_id) values ('955177962' , '516294687');
insert into researcher_in_project (researcher_id, project_id) values ('600701168' , '516294687');
insert into researcher_in_project (researcher_id, project_id) values ('778065092' , '905191353');
insert into researcher_in_project (researcher_id, project_id) values ('955177962' , '905191353');
insert into researcher_in_project (researcher_id, project_id) values ('600701168' , '905191353');
insert into researcher_in_project (researcher_id, project_id) values ('955177962' , '876160091');
insert into researcher_in_project (researcher_id, project_id) values ('778065092' , '876160091');
insert into researcher_in_project (researcher_id, project_id) values ('600701168' , '876160091');
insert into researcher_in_project (researcher_id, project_id) values ('600701168' , '889669951');
insert into researcher_in_project (researcher_id, project_id) values ('955177962' , '889669951');
insert into researcher_in_project (researcher_id, project_id) values ('778065092' , '889669951');
insert into researcher_in_project (researcher_id, project_id) values ('778065092' , '669455963');
insert into researcher_in_project (researcher_id, project_id) values ('955177962' , '669455963');
insert into researcher_in_project (researcher_id, project_id) values ('600701168' , '669455963');
insert into researcher_in_project (researcher_id, project_id) values ('189430650' , '932463563');
insert into researcher_in_project (researcher_id, project_id) values ('300513971' , '932463563');
insert into researcher_in_project (researcher_id, project_id) values ('135384181' , '932463563');
insert into researcher_in_project (researcher_id, project_id) values ('454129826' , '932463563');
insert into researcher_in_project (researcher_id, project_id) values ('454129826' , '836112838');
insert into researcher_in_project (researcher_id, project_id) values ('189430650' , '836112838');
insert into researcher_in_project (researcher_id, project_id) values ('135384181' , '836112838');
insert into researcher_in_project (researcher_id, project_id) values ('300513971' , '836112838');
insert into researcher_in_project (researcher_id, project_id) values ('300513971' , '472081902');
insert into researcher_in_project (researcher_id, project_id) values ('135384181' , '472081902');
insert into researcher_in_project (researcher_id, project_id) values ('189430650' , '472081902');
insert into researcher_in_project (researcher_id, project_id) values ('454129826' , '472081902');
insert into researcher_in_project (researcher_id, project_id) values ('300513971' , '631600025');
insert into researcher_in_project (researcher_id, project_id) values ('135384181' , '631600025');
insert into researcher_in_project (researcher_id, project_id) values ('189430650' , '631600025');
insert into researcher_in_project (researcher_id, project_id) values ('454129826' , '631600025');
insert into researcher_in_project (researcher_id, project_id) values ('189430650' , '751293887');
insert into researcher_in_project (researcher_id, project_id) values ('300513971' , '751293887');
insert into researcher_in_project (researcher_id, project_id) values ('135384181' , '751293887');
insert into researcher_in_project (researcher_id, project_id) values ('454129826' , '751293887');
insert into researcher_in_project (researcher_id, project_id) values ('300513971' , '961531430');
insert into researcher_in_project (researcher_id, project_id) values ('135384181' , '961531430');
insert into researcher_in_project (researcher_id, project_id) values ('454129826' , '961531430');
insert into researcher_in_project (researcher_id, project_id) values ('189430650' , '961531430');
insert into researcher_in_project (researcher_id, project_id) values ('189430650' , '515366032');
insert into researcher_in_project (researcher_id, project_id) values ('135384181' , '515366032');
insert into researcher_in_project (researcher_id, project_id) values ('454129826' , '515366032');
insert into researcher_in_project (researcher_id, project_id) values ('189430650' , '432980698');
insert into researcher_in_project (researcher_id, project_id) values ('300513971' , '432980698');
insert into researcher_in_project (researcher_id, project_id) values ('135384181' , '432980698');
insert into researcher_in_project (researcher_id, project_id) values ('454129826' , '432980698');
insert into researcher_in_project (researcher_id, project_id) values ('189430650' , '343013913');
insert into researcher_in_project (researcher_id, project_id) values ('300513971' , '343013913');
insert into researcher_in_project (researcher_id, project_id) values ('135384181' , '343013913');
insert into researcher_in_project (researcher_id, project_id) values ('454129826' , '343013913');
insert into researcher_in_project (researcher_id, project_id) values ('189430650' , '992101561');
insert into researcher_in_project (researcher_id, project_id) values ('300513971' , '992101561');
insert into researcher_in_project (researcher_id, project_id) values ('135384181' , '992101561');
insert into researcher_in_project (researcher_id, project_id) values ('454129826' , '992101561');
insert into researcher_in_project (researcher_id, project_id) values ('300513971' , '206117077');
insert into researcher_in_project (researcher_id, project_id) values ('135384181' , '206117077');
insert into researcher_in_project (researcher_id, project_id) values ('454129826' , '206117077');
insert into researcher_in_project (researcher_id, project_id) values ('018870122' , '537588216');
insert into researcher_in_project (researcher_id, project_id) values ('930446363' , '537588216');
insert into researcher_in_project (researcher_id, project_id) values ('516446523' , '537588216');
insert into researcher_in_project (researcher_id, project_id) values ('698171463' , '537588216');
insert into researcher_in_project (researcher_id, project_id) values ('018870122' , '490342872');
insert into researcher_in_project (researcher_id, project_id) values ('930446363' , '490342872');
insert into researcher_in_project (researcher_id, project_id) values ('516446523' , '490342872');
insert into researcher_in_project (researcher_id, project_id) values ('698171463' , '490342872');
insert into researcher_in_project (researcher_id, project_id) values ('135384181' , '962359563');
insert into researcher_in_project (researcher_id, project_id) values ('454129826' , '962359563');
insert into researcher_in_project (researcher_id, project_id) values ('189430650' , '962359563');
insert into researcher_in_project (researcher_id, project_id) values ('300513971' , '435319554');
insert into researcher_in_project (researcher_id, project_id) values ('454129826' , '435319554');
insert into researcher_in_project (researcher_id, project_id) values ('135384181' , '435319554');
insert into researcher_in_project (researcher_id, project_id) values ('189430650' , '435319554');
insert into researcher_in_project (researcher_id, project_id) values ('300513971' , '390525830');
insert into researcher_in_project (researcher_id, project_id) values ('135384181' , '390525830');
insert into researcher_in_project (researcher_id, project_id) values ('189430650' , '390525830');
insert into researcher_in_project (researcher_id, project_id) values ('300513971' , '904644862');
insert into researcher_in_project (researcher_id, project_id) values ('454129826' , '904644862');
insert into researcher_in_project (researcher_id, project_id) values ('135384181' , '904644862');
insert into researcher_in_project (researcher_id, project_id) values ('189430650' , '904644862');
insert into researcher_in_project (researcher_id, project_id) values ('300513971' , '986123493');
insert into researcher_in_project (researcher_id, project_id) values ('454129826' , '986123493');
insert into researcher_in_project (researcher_id, project_id) values ('135384181' , '986123493');
insert into researcher_in_project (researcher_id, project_id) values ('189430650' , '986123493');
insert into researcher_in_project (researcher_id, project_id) values ('300513971' , '624924946');
insert into researcher_in_project (researcher_id, project_id) values ('454129826' , '624924946');
insert into researcher_in_project (researcher_id, project_id) values ('135384181' , '624924946');
insert into researcher_in_project (researcher_id, project_id) values ('189430650' , '624924946');
insert into researcher_in_project (researcher_id, project_id) values ('454129826' , '306490594');
insert into researcher_in_project (researcher_id, project_id) values ('135384181' , '306490594');
insert into researcher_in_project (researcher_id, project_id) values ('189430650' , '306490594');
insert into researcher_in_project (researcher_id, project_id) values ('300513971' , '389677313');
insert into researcher_in_project (researcher_id, project_id) values ('454129826' , '389677313');
insert into researcher_in_project (researcher_id, project_id) values ('135384181' , '389677313');
insert into researcher_in_project (researcher_id, project_id) values ('189430650' , '389677313');
insert into researcher_in_project (researcher_id, project_id) values ('300513971' , '509106543');
insert into researcher_in_project (researcher_id, project_id) values ('454129826' , '509106543');
insert into researcher_in_project (researcher_id, project_id) values ('135384181' , '509106543');
insert into researcher_in_project (researcher_id, project_id) values ('189430650' , '509106543');
insert into researcher_in_project (researcher_id, project_id) values ('454129826' , '340968184');
insert into researcher_in_project (researcher_id, project_id) values ('135384181' , '340968184');
insert into researcher_in_project (researcher_id, project_id) values ('189430650' , '340968184');
insert into researcher_in_project (researcher_id, project_id) values ('300513971' , '301687817');
insert into researcher_in_project (researcher_id, project_id) values ('454129826' , '301687817');
insert into researcher_in_project (researcher_id, project_id) values ('135384181' , '301687817');
insert into researcher_in_project (researcher_id, project_id) values ('189430650' , '301687817');
